Date,EURMXN=X,MXN=X
2020-01-01,21.23080062866211,18.917400360107422
2020-01-02,21.212900161743164,18.898799896240234
2020-01-03,21.046199798583984,18.830299377441406
2020-01-06,21.144399642944336,18.944759368896484
2020-01-07,21.097000122070312,18.841449737548828
2020-01-08,21.16200065612793,18.96419906616211
2020-01-09,20.920499801635742,18.81399917602539
2020-01-10,20.93494987487793,18.834800720214844
2020-01-13,20.89539909362793,18.79762077331543
2020-01-14,20.936899185180664,18.79010009765625
2020-01-15,20.926700592041016,18.793800354003906
2020-01-16,20.959800720214844,18.782699584960938
2020-01-17,20.909799575805664,18.76300048828125
2020-01-20,20.697900772094727,18.656299591064453
2020-01-21,20.71179962158203,18.65369987487793
2020-01-22,20.8080997467041,18.7593994140625
2020-01-23,20.748899459838867,18.700410842895508
2020-01-24,20.738300323486328,18.74920082092285
2020-01-27,20.796199798583984,18.862499237060547
2020-01-28,20.816999435424805,18.892000198364258
2020-01-29,20.637500762939453,18.724050521850586
2020-01-30,20.59023094177246,18.681900024414062
2020-01-31,20.727519989013672,18.780799865722656
2020-02-03,20.924100875854492,18.866409301757812
2020-02-04,20.827800750732422,18.81439971923828
2020-02-05,20.621299743652344,18.671289443969727
2020-02-06,20.461599349975586,18.587600708007812
2020-02-07,20.47949981689453,18.639699935913086
2020-02-10,20.583499908447266,18.800249099731445
2020-02-11,20.40519905090332,18.702699661254883
2020-02-12,20.36709976196289,18.642000198364258
2020-02-13,20.2716007232666,18.640399932861328
2020-02-14,20.17314910888672,18.59510040283203
2020-02-17,20.10235023498535,18.542999267578125
2020-02-18,20.114700317382812,18.549999237060547
2020-02-19,20.06570053100586,18.58894920349121
2020-02-20,20.067399978637695,18.550100326538086
2020-02-21,20.344900131225586,18.847400665283203
2020-02-24,20.60260009765625,19.007709503173828
2020-02-25,20.66860008239746,19.03660011291504
2020-02-26,20.7485294342041,19.059999465942383
2020-02-27,20.992700576782227,19.286619186401367
2020-02-28,21.399900436401367,19.458969116210938
2020-03-02,21.9060001373291,19.82309913635254
2020-03-03,21.631999969482422,19.405000686645508
2020-03-04,21.728200912475586,19.43160057067871
2020-03-05,21.751699447631836,19.517200469970703
2020-03-06,22.25065040588379,19.81450080871582
2020-03-09,23.978069305419922,21.0575008392334
2020-03-10,23.71780014038086,20.81222915649414
2020-03-11,23.524900436401367,20.789400100708008
2020-03-12,24.13249969482422,21.41659927368164
2020-03-13,24.567100524902344,21.967199325561523
2020-03-16,24.31920051574707,21.808610916137695
2020-03-17,25.242599487304688,22.600990295410156
2020-03-18,25.287900924682617,22.960599899291992
2020-03-19,25.920299530029297,23.64971923828125
2020-03-20,25.626300811767578,24.0457706451416
2020-03-23,26.478300094604492,24.7462100982666
2020-03-24,27.278799057006836,25.336200714111328
2020-03-25,26.768199920654297,24.768699645996094
2020-03-26,26.14940071105957,24.008100509643555
2020-03-27,25.68120002746582,23.23710060119629
2020-03-30,26.283199310302734,23.594600677490234
2020-03-31,26.284900665283203,23.83300018310547
2020-04-01,26.203399658203125,23.750999450683594
2020-04-02,26.521799087524414,24.215530395507812
2020-04-03,26.295000076293945,24.235300064086914
2020-04-06,27.30459976196289,25.261999130249023
2020-04-07,26.515390396118164,24.542400360107422
2020-04-08,26.48509979248047,24.31159019470215
2020-04-09,26.062999725341797,23.984500885009766
2020-04-10,25.872800827026367,23.67639923095703
2020-04-13,25.64069938659668,23.446800231933594
2020-04-14,25.765600204467773,23.5851993560791
2020-04-15,25.66939926147461,23.36199951171875
2020-04-16,26.431699752807617,24.239200592041016
2020-04-17,25.805099487304688,23.76020050048828
2020-04-20,26.10740089416504,24.026649475097656
2020-04-21,26.084999084472656,24.010719299316406
2020-04-22,26.456300735473633,24.368600845336914
2020-04-23,26.46310043334961,24.479299545288086
2020-04-24,26.694000244140625,24.766550064086914
2020-04-27,27.044099807739258,24.98579978942871
2020-04-28,26.802000045776367,24.74970054626465
2020-04-29,26.319700241088867,24.283599853515625
2020-04-30,25.83060073852539,23.742000579833984
2020-05-01,26.5093994140625,24.21430015563965
2020-05-04,27.215599060058594,24.834489822387695
2020-05-05,26.273300170898438,24.090200424194336
2020-05-06,25.985700607299805,23.973499298095703
2020-05-07,26.384950637817383,24.427499771118164
2020-05-08,26.0314998626709,24.02206039428711
2020-05-11,25.617900848388672,23.625099182128906
2020-05-12,25.854700088500977,23.920089721679688
2020-05-13,26.428369522094727,24.363279342651367
2020-05-14,26.171600341796875,24.185699462890625
2020-05-15,25.783199310302734,23.851299285888672
2020-05-18,25.893299102783203,23.934009552001953
2020-05-19,25.900699615478516,23.731300354003906
2020-05-20,25.856800079345703,23.665359497070312
2020-05-21,25.481199264526367,23.195499420166016
2020-05-22,25.040800094604492,22.870180130004883
2020-05-25,24.720470428466797,22.663789749145508
2020-05-26,24.58300018310547,22.545499801635742
2020-05-27,24.38479995727539,22.211999893188477
2020-05-28,24.578699111938477,22.31138038635254
2020-05-29,24.61050033569336,22.19890022277832
2020-06-01,24.659799575805664,22.182300567626953
2020-06-02,24.53619956970215,22.042400360107422
2020-06-03,24.312400817871094,21.723800659179688
2020-06-04,24.401220321655273,21.720800399780273
2020-06-05,24.828500747680664,21.90247917175293
2020-06-08,24.307199478149414,21.474899291992188
2020-06-09,24.28860092163086,21.472999572753906
2020-06-10,24.801700592041016,21.88743019104004
2020-06-11,24.97640037536621,21.976980209350586
2020-06-12,25.797000885009766,22.854660034179688
2020-06-15,25.302099227905273,22.488540649414062
2020-06-16,25.117900848388672,22.155460357666016
2020-06-17,25.086299896240234,22.26922035217285
2020-06-18,25.125999450683594,22.341400146484375
2020-06-19,25.41659927368164,22.67639923095703
2020-06-22,25.305700302124023,22.64150047302246
2020-06-23,25.259769439697266,22.399099349975586
2020-06-24,25.325899124145508,22.389150619506836
2020-06-25,25.638399124145508,22.790279388427734
2020-06-26,25.437000274658203,22.679399490356445
2020-06-29,25.87310028076172,23.05470085144043
2020-06-30,25.930599212646484,23.056570053100586
2020-07-01,25.854000091552734,23.004499435424805
2020-07-02,25.552099227905273,22.711599349975586
2020-07-03,25.253000259399414,22.477819442749023
2020-07-06,25.175800323486328,22.38545036315918
2020-07-07,25.252899169921875,22.31100082397461
2020-07-08,25.705900192260742,22.792699813842773
2020-07-09,25.71540069580078,22.67180061340332
2020-07-10,25.525699615478516,22.60260009765625
2020-07-13,25.43280029296875,22.488399505615234
2020-07-14,25.777599334716797,22.709800720214844
2020-07-15,25.568899154663086,22.395999908447266
2020-07-16,25.490999221801758,22.318199157714844
2020-07-17,25.522899627685547,22.411680221557617
2020-07-20,25.735200881958008,22.492469787597656
2020-07-21,25.76420021057129,22.488540649414062
2020-07-22,25.731599807739258,22.29680061340332
2020-07-23,25.872900009155273,22.37017059326172
2020-07-24,26.07670021057129,22.478200912475586
2020-07-27,25.983299255371094,22.287200927734375
2020-07-28,25.829259872436523,21.936100006103516
2020-07-29,25.71820068359375,21.933399200439453
2020-07-30,25.903099060058594,21.97249984741211
2020-07-31,26.12820053100586,21.995399475097656
2020-08-03,26.240800857543945,22.26059913635254
2020-08-04,26.62470054626465,22.625699996948242
2020-08-05,26.749399185180664,22.628400802612305
2020-08-06,26.554000854492188,22.371639251708984
2020-08-07,26.601299285888672,22.402849197387695
2020-08-10,26.395999908447266,22.404619216918945
2020-08-11,26.37339973449707,22.45709991455078
2020-08-12,26.317100524902344,22.411399841308594
2020-08-13,26.360599517822266,22.340900421142578
2020-08-14,26.190200805664062,22.153900146484375
2020-08-17,26.01030921936035,21.933500289916992
2020-08-18,26.30900001525879,22.142200469970703
2020-08-19,26.44070053100586,22.13129997253418
2020-08-20,26.26300048828125,22.174789428710938
2020-08-21,26.21769905090332,22.088300704956055
2020-08-24,25.909099578857422,21.95966911315918
2020-08-25,25.928699493408203,21.972999572753906
2020-08-26,25.92650032043457,21.894699096679688
2020-08-27,25.966039657592773,21.930870056152344
2020-08-28,26.162500381469727,22.13290023803711
2020-08-31,25.92020034790039,21.749900817871094
2020-09-01,26.191999435424805,21.91254997253418
2020-09-02,25.941999435424805,21.74530029296875
2020-09-03,25.738920211791992,21.726900100708008
2020-09-04,25.700199127197266,21.698699951171875
2020-09-07,25.505300521850586,21.552949905395508
2020-09-08,25.537019729614258,21.594200134277344
2020-09-09,25.736799240112305,21.872419357299805
2020-09-10,25.243900299072266,21.386999130249023
2020-09-11,25.346099853515625,21.436649322509766
2020-09-14,25.180200576782227,21.267499923706055
2020-09-15,25.01133918762207,21.064800262451172
2020-09-16,25.054500579833984,21.142000198364258
2020-09-17,24.76110076904297,20.97916030883789
2020-09-18,24.752599716186523,20.8927001953125
2020-09-21,25.00950050354004,21.111759185791016
2020-09-22,25.110000610351562,21.344839096069336
2020-09-23,25.372800827026367,21.67449951171875
2020-09-24,26.11400032043457,22.390399932861328
2020-09-25,25.84391975402832,22.138439178466797
2020-09-28,25.955799102783203,22.309370040893555
2020-09-29,26.114299774169922,22.34910011291504
2020-09-30,26.27869987487793,22.37350082397461
2020-10-01,25.8882999420166,22.081600189208984
2020-10-02,25.65489959716797,21.844730377197266
2020-10-05,25.324800491333008,21.594999313354492
2020-10-06,25.208349227905273,21.363250732421875
2020-10-07,25.45479965209961,21.688230514526367
2020-10-08,25.250080108642578,21.449800491333008
2020-10-09,25.127300262451172,21.35586929321289
2020-10-12,24.98900032043457,21.148590087890625
2020-10-13,25.04520034790039,21.19890022277832
2020-10-14,25.04892921447754,21.333480834960938
2020-10-15,25.04191017150879,21.326169967651367
2020-10-16,24.916000366210938,21.284099578857422
2020-10-19,24.71980094909668,21.08880043029785
2020-10-20,24.940799713134766,21.207250595092773
2020-10-21,24.96489906311035,21.092599868774414
2020-10-22,25.069440841674805,21.149269104003906
2020-10-23,24.77050018310547,20.954200744628906
2020-10-26,24.765499114990234,20.90243911743164
2020-10-27,24.75589942932129,20.963790893554688
2020-10-28,24.778099060058594,21.01930046081543
2020-10-29,24.96179962158203,21.235599517822266
2020-10-30,24.94260025024414,21.345600128173828
2020-11-02,24.76580047607422,21.274450302124023
2020-11-03,24.877599716186523,21.371950149536133
2020-11-04,24.741100311279297,21.035709381103516
2020-11-05,24.575000762939453,20.93440055847168
2020-11-06,24.525699615478516,20.75550079345703
2020-11-09,24.402999877929688,20.520360946655273
2020-11-10,24.04400062561035,20.33530044555664
2020-11-11,24.03219985961914,20.322099685668945
2020-11-12,24.104900360107422,20.46430015563965
2020-11-13,24.319700241088867,20.60325050354004
2020-11-16,24.097299575805664,20.34473991394043
2020-11-17,24.02560043334961,20.259950637817383
2020-11-18,24.058700561523438,20.279489517211914
2020-11-19,24.0664005279541,20.312679290771484
2020-11-20,24.02199935913086,20.233400344848633
2020-11-23,23.833900451660156,20.086719512939453
2020-11-24,23.806100845336914,20.10154914855957
2020-11-25,23.825000762939453,20.02511978149414
2020-11-26,23.797000885009766,19.957599639892578
2020-11-27,23.872400283813477,20.02910041809082
2020-11-30,23.986600875854492,20.038070678710938
2020-12-01,24.066999435424805,20.16160011291504
2020-12-02,24.17650032043457,20.028749465942383
2020-12-03,24.22089958190918,19.992399215698242
2020-12-04,24.167600631713867,19.899200439453125
2020-12-07,23.975799560546875,19.7810001373291
2020-12-08,24.09320068359375,19.891019821166992
2020-12-09,23.959150314331055,19.775999069213867
2020-12-10,24.010400772094727,19.87611961364746
2020-12-11,24.291900634765625,19.990699768066406
2020-12-14,24.359800338745117,20.077800750732422
2020-12-15,24.573699951171875,20.228239059448242
2020-12-16,24.220399856567383,19.928279876708984
2020-12-17,24.234800338745117,19.871240615844727
2020-12-18,24.31909942626953,19.821500778198242
2020-12-21,24.54560089111328,20.09394073486328
2020-12-22,24.464000701904297,19.98240089416504
2020-12-23,24.498699188232422,20.10379981994629
2020-12-24,24.456499099731445,20.048900604248047
2020-12-25,24.211650848388672,19.868000030517578
2020-12-28,24.250200271606445,19.869680404663086
2020-12-29,24.44729995727539,20.006250381469727
2020-12-30,24.42340087890625,19.934999465942383
2020-12-31,24.464399337768555,19.890899658203125
2021-01-01,24.290000915527344,19.874500274658203
2021-01-04,24.3125,19.84749984741211
2021-01-05,24.431900024414062,19.94244956970215
2021-01-06,24.478900909423828,19.90220069885254
2021-01-07,24.252700805664062,19.65576934814453
2021-01-08,24.551000595092773,20.000099182128906
2021-01-11,24.431699752807617,20.05048942565918
2021-01-12,24.396299362182617,20.062400817871094
2021-01-13,24.1653995513916,19.794429779052734
2021-01-14,24.118999481201172,19.836349487304688
2021-01-15,23.965499877929688,19.723350524902344
2021-01-18,23.945600509643555,19.84351921081543
2021-01-19,23.786800384521484,19.695650100708008
2021-01-20,23.849000930786133,19.63599967956543
2021-01-21,23.727399826049805,19.585010528564453
2021-01-22,24.010499954223633,19.737060546875
2021-01-25,24.267499923706055,19.942880630493164
2021-01-26,24.413700103759766,20.10516929626465
2021-01-27,24.325349807739258,19.988300323486328
2021-01-28,24.60700035095215,20.33152961730957
2021-01-29,24.544300079345703,20.25225067138672
2021-02-01,24.858400344848633,20.50528907775879
2021-02-02,24.580299377441406,20.368160247802734
2021-02-03,24.242300033569336,20.137680053710938
2021-02-04,24.316499710083008,20.197080612182617
2021-02-05,24.39550018310547,20.387189865112305
2021-02-08,24.230199813842773,20.11138916015625
2021-02-09,24.227399826049805,20.103069305419922
2021-02-10,24.33449935913086,20.083850860595703
2021-02-11,24.273000717163086,20.02928924560547
2021-02-12,24.219100952148438,19.966279983520508
2021-02-15,24.1653995513916,19.936769485473633
2021-02-16,24.2185001373291,19.94930076599121
2021-02-17,24.456300735473633,20.225540161132812
2021-02-18,24.346200942993164,20.212539672851562
2021-02-19,24.555099487304688,20.308229446411133
2021-02-22,24.842300415039062,20.487449645996094
2021-02-23,25.23390007019043,20.742029190063477
2021-02-24,24.92959976196289,20.513269424438477
2021-02-25,24.799999237060547,20.377559661865234
2021-02-26,25.427000045776367,20.910900115966797
2021-03-01,25.131000518798828,20.789569854736328
2021-03-02,24.883399963378906,20.654029846191406
2021-03-03,24.89715003967285,20.603410720825195
2021-03-04,25.251800537109375,20.956090927124023
2021-03-05,25.2903995513916,21.13340950012207
2021-03-08,25.347200393676758,21.255300521850586
2021-03-09,25.470699310302734,21.492490768432617
2021-03-10,25.208799362182617,21.188819885253906
2021-03-11,24.92449951171875,20.90212059020996
2021-03-12,24.702999114990234,20.614999771118164
2021-03-15,24.747900009155273,20.711580276489258
2021-03-16,24.64335060119629,20.666690826416016
2021-03-17,24.530799865722656,20.599300384521484
2021-03-18,24.39889907836914,20.362770080566406
2021-03-19,24.412099838256836,20.48390007019043
2021-03-22,24.548999786376953,20.66080093383789
2021-03-23,24.552000045776367,20.575389862060547
2021-03-24,24.634700775146484,20.807910919189453
2021-03-25,24.683700561523438,20.882999420166016
2021-03-26,24.35610008239746,20.683029174804688
2021-03-29,24.319499969482422,20.632530212402344
2021-03-30,24.25119972229004,20.607379913330078
2021-03-31,24.121200561523438,20.576000213623047
2021-04-01,23.961650848388672,20.429100036621094
2021-04-02,23.897199630737305,20.29138946533203
2021-04-05,23.893600463867188,20.305219650268555
2021-04-06,23.99449920654297,20.30573081970215
2021-04-07,23.954200744628906,20.17445945739746
2021-04-08,23.995500564575195,20.211299896240234
2021-04-09,23.947599411010742,20.098939895629883
2021-04-12,23.988100051879883,20.160409927368164
2021-04-13,23.99810028076172,20.14443016052246
2021-04-14,24.001800537109375,20.0674991607666
2021-04-15,24.068700790405273,20.0860595703125
2021-04-16,23.876800537109375,19.93589973449707
2021-04-19,23.85260009765625,19.91830062866211
2021-04-20,23.859800338745117,19.81344985961914
2021-04-21,24.013399124145508,19.94700050354004
2021-04-22,23.952199935913086,19.886600494384766
2021-04-23,23.948150634765625,19.933000564575195
2021-04-26,23.99970054626465,19.8525390625
2021-04-27,24.002700805664062,19.858600616455078
2021-04-28,24.23189926147461,20.03260040283203
2021-04-29,24.137699127197266,19.89167022705078
2021-04-30,24.292699813842773,20.02429962158203
2021-05-03,24.304100036621094,20.19580078125
2021-05-04,24.34269905090332,20.18779945373535
2021-05-05,24.275299072265625,20.193899154663086
2021-05-06,24.318700790405273,20.251169204711914
2021-05-07,24.247299194335938,20.085100173950195
2021-05-10,24.22610092163086,19.89240074157715
2021-05-11,24.17490005493164,19.91295051574707
2021-05-12,24.244199752807617,19.96368980407715
2021-05-13,24.329200744628906,20.142000198364258
2021-05-14,24.095199584960938,19.95039939880371
2021-05-17,24.142000198364258,19.870399475097656
2021-05-18,24.038299560546875,19.76129913330078
2021-05-19,24.25802993774414,19.84787940979004
2021-05-20,24.272300720214844,19.933000564575195
2021-05-21,24.311899185180664,19.8887996673584
2021-05-24,24.285900115966797,19.937349319458008
2021-05-25,24.27389907836914,19.874000549316406
2021-05-26,24.377199172973633,19.905799865722656
2021-05-27,24.242300033569336,19.870800018310547
2021-05-28,24.3262996673584,19.95185089111328
2021-05-31,24.30470085144043,19.92609977722168
2021-06-01,24.377500534057617,19.917499542236328
2021-06-02,24.38680076599121,19.961200714111328
2021-06-03,24.305200576782227,19.894800186157227
2021-06-04,24.44379997253418,20.140399932861328
2021-06-07,24.277599334716797,19.943899154663086
2021-06-08,24.177400588989258,19.822399139404297
2021-06-09,23.98509979248047,19.70207977294922
2021-06-10,24.02720069885254,19.73027992248535
2021-06-11,23.982500076293945,19.70319938659668
2021-06-14,24.065200805664062,19.870899200439453
2021-06-15,24.1737003326416,19.943099975585938
2021-06-16,24.28860092163086,20.021299362182617
2021-06-17,24.46769905090332,20.39788055419922
2021-06-18,24.327499389648438,20.41069984436035
2021-06-21,24.491899490356445,20.621999740600586
2021-06-22,24.426599502563477,20.505849838256836
2021-06-23,24.289499282836914,20.33930015563965
2021-06-24,24.090070724487305,20.19586944580078
2021-06-25,23.68670082092285,19.846900939941406
2021-06-28,23.667299270629883,19.80820083618164
2021-06-29,23.637699127197266,19.817169189453125
2021-06-30,23.5793399810791,19.8031005859375
2021-07-01,23.63629913330078,19.934429168701172
2021-07-02,23.702999114990234,20.010099411010742
2021-07-05,23.471500396728516,19.79810905456543
2021-07-06,23.5314998626709,19.824899673461914
2021-07-07,23.658599853515625,20.011659622192383
2021-07-08,23.527650833129883,19.95039939880371
2021-07-09,23.669300079345703,19.98110008239746
2021-07-12,23.593700408935547,19.860700607299805
2021-07-13,23.53459930419922,19.82740020751953
2021-07-14,23.61359977722168,20.042200088500977
2021-07-15,23.54800033569336,19.900949478149414
2021-07-16,23.538799285888672,19.92938995361328
2021-07-19,23.524200439453125,19.904199600219727
2021-07-20,23.641300201416016,20.03809928894043
2021-07-21,23.72249984741211,20.136049270629883
2021-07-22,23.758150100708008,20.147140502929688
2021-07-23,23.66469955444336,20.102750778198242
2021-07-26,23.613800048828125,20.058300018310547
2021-07-27,23.653099060058594,20.02429962158203
2021-07-28,23.602399826049805,19.954099655151367
2021-07-29,23.6028995513916,19.913799285888672
2021-07-30,23.61750030517578,19.85140037536621
2021-08-02,23.585899353027344,19.865699768066406
2021-08-03,23.630399703979492,19.90169906616211
2021-08-04,23.588899612426758,19.862600326538086
2021-08-05,23.641399383544922,19.960399627685547
2021-08-06,23.581499099731445,19.928260803222656
2021-08-09,23.589500427246094,20.069799423217773
2021-08-10,23.55422019958496,20.069869995117188
2021-08-11,23.538299560546875,20.070499420166016
2021-08-12,23.399900436401367,19.929500579833984
2021-08-13,23.414600372314453,19.951379776000977
2021-08-16,23.4330997467041,19.85770034790039
2021-08-17,23.429800033569336,19.88010025024414
2021-08-18,23.413799285888672,19.997549057006836
2021-08-19,23.451000213623047,20.039039611816406
2021-08-20,23.56279945373535,20.167200088500977
2021-08-23,23.839000701904297,20.381500244140625
2021-08-24,23.8612003326416,20.317949295043945
2021-08-25,23.746999740600586,20.206100463867188
2021-08-26,23.812299728393555,20.216100692749023
2021-08-27,23.937400817871094,20.366500854492188
2021-08-30,23.80430030822754,20.1643009185791
2021-08-31,23.75210952758789,20.139249801635742
2021-09-01,23.704500198364258,20.059600830078125
2021-09-02,23.678800582885742,19.99774932861328
2021-09-03,23.7012996673584,19.962350845336914
2021-09-06,23.67639923095703,19.909000396728516
2021-09-07,23.62849998474121,19.888099670410156
2021-09-08,23.614900588989258,19.927799224853516
2021-09-09,23.56599998474121,19.927499771118164
2021-09-10,23.572099685668945,19.921600341796875
2021-09-13,23.477800369262695,19.86549949645996
2021-09-14,23.47260093688965,19.86199951171875
2021-09-15,23.497800827026367,19.897300720214844
2021-09-16,23.46739959716797,19.844499588012695
2021-09-17,23.458999633789062,19.940549850463867
2021-09-20,23.476280212402344,20.01849937438965
2021-09-21,23.592500686645508,20.118940353393555
2021-09-22,23.61009979248047,20.128700256347656
2021-09-23,23.4768009185791,20.086759567260742
2021-09-24,23.54129981994629,20.052900314331055
2021-09-27,23.510099411010742,20.053499221801758
2021-09-28,23.5093994140625,20.089500427246094
2021-09-29,23.756799697875977,20.329769134521484
2021-09-30,23.795000076293945,20.501100540161133
2021-10-01,23.875099182128906,20.615400314331055
2021-10-04,23.697799682617188,20.41819953918457
2021-10-05,23.814899444580078,20.50160026550293
2021-10-06,23.866300582885742,20.570199966430664
2021-10-07,23.75349998474121,20.5575008392334
2021-10-08,23.874099731445312,20.654130935668945
2021-10-11,23.96649932861328,20.7231502532959
2021-10-12,24.09869956970215,20.847000122070312
2021-10-13,23.97599983215332,20.780000686645508
2021-10-14,23.83989906311035,20.553699493408203
2021-10-15,23.82229995727539,20.541799545288086
2021-10-18,23.60849952697754,20.347000122070312
2021-10-19,23.701799392700195,20.397499084472656
2021-10-20,23.53529930114746,20.22209930419922
2021-10-21,23.5625,20.221500396728516
2021-10-22,23.60420036315918,20.29319953918457
2021-10-25,23.497699737548828,20.188899993896484
2021-10-26,23.430299758911133,20.170499801635742
2021-10-27,23.420299530029297,20.196910858154297
2021-10-28,23.55299949645996,20.304800033569336
2021-10-29,23.806400299072266,20.378400802612305
2021-11-01,23.750499725341797,20.55270004272461
2021-11-02,24.18670082092285,20.839599609375
2021-11-03,24.074399948120117,20.78030014038086
2021-11-04,23.861299514770508,20.531700134277344
2021-11-05,23.739500045776367,20.545900344848633
2021-11-08,23.566600799560547,20.372800827026367
2021-11-09,23.56100082397461,20.332950592041016
2021-11-10,23.558300018310547,20.319150924682617
2021-11-11,23.667499542236328,20.606399536132812
2021-11-12,23.62310028076172,20.636430740356445
2021-11-15,23.481700897216797,20.52419090270996
2021-11-16,23.422100067138672,20.59480094909668
2021-11-17,23.48870086669922,20.753799438476562
2021-11-18,23.376399993896484,20.64539909362793
2021-11-19,23.610599517822266,20.75950050354004
2021-11-22,23.520000457763672,20.86083984375
2021-11-23,23.613800048828125,20.99370002746582
2021-11-24,23.912799835205078,21.265499114990234
2021-11-25,23.988000869750977,21.40089988708496
2021-11-26,24.24799919128418,21.624500274658203
2021-11-29,24.537099838256836,21.72960090637207
2021-11-30,24.48259925842285,21.68079948425293
2021-12-01,24.27440071105957,21.411800384521484
2021-12-02,24.303199768066406,21.471569061279297
2021-12-03,24.09469985961914,21.30854034423828
2021-12-06,23.98780059814453,21.22100067138672
2021-12-07,23.959199905395508,21.22369956970215
2021-12-08,23.702600479125977,21.028200149536133
2021-12-09,23.752500534057617,20.925800323486328
2021-12-10,23.66029930114746,20.950700759887695
2021-12-13,23.61319923400879,20.876300811767578
2021-12-14,23.697399139404297,20.993600845336914
2021-12-15,23.89590072631836,21.218900680541992
2021-12-16,23.746700286865234,21.033199310302734
2021-12-17,23.597299575805664,20.819400787353516
2021-12-20,23.42300033569336,20.829299926757812
2021-12-21,23.405399322509766,20.755399703979492
2021-12-22,23.497299194335938,20.822500228881836
2021-12-23,23.47010040283203,20.710399627685547
2021-12-24,23.350799560546875,20.62809944152832
2021-12-27,23.34749984741211,20.607200622558594
2021-12-28,23.445600509643555,20.6835994720459
2021-12-29,23.374500274658203,20.662200927734375
2021-12-30,23.363819122314453,20.558000564575195
2021-12-31,23.16390037536621,20.4591007232666
2022-01-03,23.292299270629883,20.481599807739258
2022-01-04,23.162700653076172,20.486000061035156
2022-01-05,23.16550064086914,20.52199935913086
2022-01-06,23.272300720214844,20.56369972229004
2022-01-07,23.160499572753906,20.493099212646484
2022-01-10,23.149499893188477,20.390470504760742
2022-01-11,23.079299926757812,20.358200073242188
2022-01-12,23.175199508666992,20.39051055908203
2022-01-13,23.293800354003906,20.362850189208984
2022-01-14,23.29490089416504,20.333669662475586
2022-01-17,23.162599563598633,20.301000595092773
2022-01-18,23.150100708007812,20.289499282836914
2022-01-19,23.108800888061523,20.398799896240234
2022-01-20,23.264699935913086,20.500499725341797
2022-01-21,23.225799560546875,20.530719757080078
2022-01-24,23.189599990844727,20.448150634765625
2022-01-25,23.296600341796875,20.573829650878906
2022-01-26,23.29199981689453,20.60700035095215
2022-01-27,23.282400131225586,20.71540069580078
2022-01-28,23.143800735473633,20.76740074157715
2022-01-31,23.2278995513916,20.82900047302246
2022-02-01,23.174299240112305,20.625900268554688
2022-02-02,23.16080093383789,20.545700073242188
2022-02-03,23.290300369262695,20.601200103759766
2022-02-04,23.516799926757812,20.564599990844727
2022-02-07,23.656600952148438,20.653600692749023
2022-02-08,23.558799743652344,20.580799102783203
2022-02-09,23.519760131835938,20.597620010375977
2022-02-10,23.39889907836914,20.48784065246582
2022-02-11,23.459199905395508,20.557199478149414
2022-02-14,23.307899475097656,20.510440826416016
2022-02-15,23.07349967956543,20.40899085998535
2022-02-16,23.156700134277344,20.383800506591797
2022-02-17,23.08340072631836,20.286399841308594
2022-02-18,23.074600219726562,20.29159927368164
2022-02-21,22.966999053955078,20.295249938964844
2022-02-22,22.986000061035156,20.322980880737305
2022-02-23,22.99090003967285,20.29439926147461
2022-02-24,22.887300491333008,20.231700897216797
2022-02-25,23.010000228881836,20.563369750976562
2022-02-28,22.99970054626465,20.573139190673828
2022-03-01,22.95870018005371,20.4606990814209
2022-03-02,22.979999542236328,20.64310073852539
2022-03-03,22.93790054321289,20.642549514770508
2022-03-04,22.840200424194336,20.63939094543457
2022-03-07,22.798099517822266,20.96925926208496
2022-03-08,23.14739990234375,21.305349349975586
2022-03-09,23.279699325561523,21.362390518188477
2022-03-10,23.148700714111328,20.905189514160156
2022-03-11,23.03849983215332,20.91200065612793
2022-03-14,22.839599609375,20.887510299682617
2022-03-15,22.872840881347656,20.90036964416504
2022-03-16,22.839000701904297,20.812599182128906
2022-03-17,22.74690055847168,20.630699157714844
2022-03-18,22.768199920654297,20.514089584350586
2022-03-21,22.510000228881836,20.381149291992188
2022-03-22,22.453800201416016,20.381900787353516
2022-03-23,22.368900299072266,20.272199630737305
2022-03-24,22.26059913635254,20.226640701293945
2022-03-25,22.103700637817383,20.066299438476562
2022-03-28,21.99650001525879,20.030149459838867
2022-03-29,22.086599349975586,20.091249465942383
2022-03-30,22.143999099731445,19.965599060058594
2022-03-31,22.186199188232422,19.878150939941406
2022-04-01,22.005699157714844,19.875200271606445
2022-04-04,21.94059944152832,19.8572998046875
2022-04-05,21.741100311279297,19.8093204498291
2022-04-06,21.792200088500977,19.98259925842285
2022-04-07,21.97130012512207,20.161460876464844
2022-04-08,21.869400024414062,20.130319595336914
2022-04-11,21.83919906616211,20.064849853515625
2022-04-12,21.691499710083008,19.941940307617188
2022-04-13,21.43790054321289,19.80328941345215
2022-04-14,21.530799865722656,19.76129913330078
2022-04-15,21.603200912475586,19.962299346923828
2022-04-18,21.578800201416016,19.95359992980957
2022-04-19,21.355100631713867,19.79520034790039
2022-04-20,21.607900619506836,20.018110275268555
2022-04-21,21.681499481201172,19.97369956970215
2022-04-22,21.86910057067871,20.184650421142578
2022-04-25,21.881799697875977,20.23200035095215
2022-04-26,21.669300079345703,20.214599609375
2022-04-27,21.693199157714844,20.380319595336914
2022-04-28,21.513500213623047,20.372299194335938
2022-04-29,21.47909927368164,20.441299438476562
2022-05-02,21.510299682617188,20.41737937927246
2022-05-03,21.499900817871094,20.448200225830078
2022-05-04,21.344900131225586,20.280059814453125
2022-05-05,21.282100677490234,20.038259506225586
2022-05-06,21.30430030822754,20.21470069885254
2022-05-09,21.262399673461914,20.176300048828125
2022-05-10,21.514299392700195,20.3635196685791
2022-05-11,21.460100173950195,20.380359649658203
2022-05-12,21.357500076293945,20.319730758666992
2022-05-13,20.9596004486084,20.172700881958008
2022-05-16,20.894699096679688,20.09126091003418
2022-05-17,20.8981990814209,20.019100189208984
2022-05-18,21.030500411987305,19.93549919128418
2022-05-19,20.980600357055664,20.023000717163086
2022-05-20,21.08530044555664,19.923599243164062
2022-05-23,20.978900909423828,19.84942054748535
2022-05-24,21.274999618530273,19.917959213256836
2022-05-25,21.297199249267578,19.84269905090332
2022-05-26,21.188899993896484,19.818199157714844
2022-05-27,21.21310043334961,19.75189971923828
2022-05-30,21.0132999420166,19.56999969482422
2022-05-31,21.052400588989258,19.531299591064453
2022-06-01,21.089799880981445,19.648740768432617
2022-06-02,20.99519920349121,19.71306037902832
2022-06-03,21.006999969482422,19.52790069580078
2022-06-06,20.962200164794922,19.54521942138672
2022-06-07,20.917200088500977,19.555299758911133
2022-06-08,20.956300735473633,19.57670021057129
2022-06-09,20.991500854492188,19.587099075317383
2022-06-10,20.8927001953125,19.676300048828125
2022-06-13,20.99839973449707,20.019460678100586
2022-06-14,21.328800201416016,20.466800689697266
2022-06-15,21.460599899291992,20.560659408569336
2022-06-16,21.143299102783203,20.222150802612305
2022-06-17,21.520099639892578,20.397199630737305
2022-06-20,21.290199279785156,20.294309616088867
2022-06-21,21.321699142456055,20.26849937438965
2022-06-22,21.219240188598633,20.136999130249023
2022-06-23,21.190000534057617,20.04949951171875
2022-06-24,21.06529998779297,20.009899139404297
2022-06-27,21.01799964904785,19.892559051513672
2022-06-28,21.069900512695312,19.90290069580078
2022-06-29,21.2007999420166,20.1466007232666
2022-06-30,21.029300689697266,20.130359649658203
2022-07-01,21.06290054321289,20.102949142456055
2022-07-04,21.13719940185547,20.250200271606445
2022-07-05,21.15220069885254,20.268400192260742
2022-07-06,21.06209945678711,20.522899627685547
2022-07-07,21.0310001373291,20.64109992980957
2022-07-08,20.837299346923828,20.493999481201172
2022-07-11,20.80120086669922,20.46269989013672
2022-07-12,20.831100463867188,20.721200942993164
2022-07-13,20.930099487304688,20.8664608001709
2022-07-14,20.868499755859375,20.790800094604492
2022-07-15,20.857900619506836,20.805889129638672
2022-07-18,20.70709991455078,20.49959945678711
2022-07-19,20.740699768066406,20.44502067565918
2022-07-20,20.993499755859375,20.519800186157227
2022-07-21,20.926000595092773,20.54210090637207
2022-07-22,21.120100021362305,20.65410041809082
2022-07-25,20.956499099731445,20.53459930419922
2022-07-26,20.90690040588379,20.450700759887695
2022-07-27,20.726999282836914,20.453699111938477
2022-07-28,20.804399490356445,20.373300552368164
2022-07-29,20.68239974975586,20.281200408935547
2022-08-01,20.804399490356445,20.374500274658203
2022-08-02,20.926799774169922,20.383499145507812
2022-08-03,21.133499145507812,20.810909271240234
2022-08-04,20.814199447631836,20.492700576782227
2022-08-05,20.826000213623047,20.323699951171875
2022-08-08,20.768999099731445,20.42140007019043
2022-08-09,20.651599884033203,20.2406005859375
2022-08-10,20.671899795532227,20.239999771118164
2022-08-11,20.6205997467041,20.015100479125977
2022-08-12,20.58370018005371,19.93320083618164
2022-08-15,20.358299255371094,19.85363006591797
2022-08-16,20.139699935913086,19.808300018310547
2022-08-17,20.24090003967285,19.903539657592773
2022-08-18,20.333999633789062,19.970399856567383
2022-08-19,20.309999465942383,20.130159378051758
2022-08-22,20.258699417114258,20.189050674438477
2022-08-23,20.01490020751953,20.12689971923828
2022-08-24,19.916099548339844,19.983680725097656
2022-08-25,19.84980010986328,19.902599334716797
2022-08-26,19.872900009155273,19.919099807739258
2022-08-29,19.954700469970703,20.067800521850586
2022-08-30,20.015499114990234,19.984800338745117
2022-08-31,20.18600082397461,20.127300262451172
2022-09-01,20.26420021057129,20.186660766601562
2022-09-02,20.080699920654297,20.166900634765625
2022-09-05,19.788999557495117,19.970500946044922
2022-09-06,19.875080108642578,19.965599060058594
2022-09-07,19.923900604248047,20.131500244140625
2022-09-08,19.983699798583984,19.981800079345703
2022-09-09,19.965099334716797,19.933500289916992
2022-09-12,20.01129913330078,19.859100341796875
2022-09-13,20.087099075317383,19.830020904541016
2022-09-14,20.001399993896484,20.03190040588379
2022-09-15,19.927099227905273,19.95159912109375
2022-09-16,20.066299438476562,20.08099937438965
2022-09-19,20.07349967956543,20.03022003173828
2022-09-20,19.970300674438477,19.903099060058594
2022-09-21,19.9281005859375,19.976299285888672
2022-09-22,19.703399658203125,20.044099807739258
2022-09-23,19.598100662231445,19.919200897216797
2022-09-26,19.576000213623047,20.211259841918945
2022-09-27,19.601499557495117,20.37074089050293
2022-09-28,19.544700622558594,20.368629455566406
2022-09-29,19.594499588012695,20.18494987487793
2022-09-30,19.780399322509766,20.12455940246582
2022-10-03,19.69890022277832,20.117389678955078
2022-10-04,19.68090057373047,20.00670051574707
2022-10-05,19.93280029296875,19.965190887451172
2022-10-06,19.86709976196289,20.03380012512207
2022-10-07,19.685699462890625,20.100099563598633
2022-10-10,19.508499145507812,20.029800415039062
2022-10-11,19.371599197387695,19.94029998779297
2022-10-12,19.462600708007812,20.06555938720703
2022-10-13,19.399700164794922,19.97319984436035
2022-10-14,19.52680015563965,19.97570037841797
2022-10-17,19.50279998779297,20.015899658203125
2022-10-18,19.67009925842285,19.971799850463867
2022-10-19,19.744800567626953,20.01889991760254
2022-10-20,19.656200408935547,20.127410888671875
2022-10-21,19.59819984436035,20.042760848999023
2022-10-24,19.651500701904297,19.9325008392334
2022-10-25,19.693300247192383,19.908100128173828
2022-10-26,19.803199768066406,19.866600036621094
2022-10-27,20.124900817871094,19.943029403686523
2022-10-28,19.77519989013672,19.840309143066406
2022-10-31,19.72719955444336,19.820199966430664
2022-11-01,19.578800201416016,19.79319953918457
2022-11-02,19.493799209594727,19.724899291992188
2022-11-03,19.323699951171875,19.67840003967285
2022-11-04,19.176599502563477,19.670270919799805
2022-11-07,19.423500061035156,19.5633602142334
2022-11-08,19.490800857543945,19.443099975585938
2022-11-09,19.69409942626953,19.537620544433594
2022-11-10,19.61090087890625,19.56209945678711
2022-11-11,19.685199737548828,19.315509796142578
2022-11-14,20.15410041809082,19.514429092407227
2022-11-15,19.96809959411621,19.33919906616211
2022-11-16,20.042600631713867,19.34119987487793
2022-11-17,20.09320068359375,19.33333969116211
2022-11-18,20.11210060119629,19.399900436401367
2022-11-21,20.0851993560791,19.443199157714844
2022-11-22,20.02280044555664,19.531600952148438
2022-11-23,20.045400619506836,19.441909790039062
2022-11-24,20.151399612426758,19.334999084472656
2022-11-25,20.170900344848633,19.38129997253418
2022-11-28,20.054500579833984,19.34354019165039
2022-11-29,19.971099853515625,19.296300888061523
2022-11-30,19.854000091552734,19.23200035095215
2022-12-01,20.079599380493164,19.264850616455078
2022-12-02,20.15019989013672,19.128299713134766
2022-12-05,20.436100006103516,19.38298988342285
2022-12-06,20.711599349975586,19.721399307250977
2022-12-07,20.688499450683594,19.7544002532959
2022-12-08,20.6875,19.666900634765625
2022-12-09,20.714099884033203,19.621559143066406
2022-12-12,20.818199157714844,19.786699295043945
2022-12-13,20.9325008392334,19.847299575805664
2022-12-14,20.76609992980957,19.542020797729492
2022-12-15,20.944400787353516,19.609399795532227
2022-12-16,21.01959991455078,19.74959945678711
2022-12-19,20.952999114990234,19.79690933227539
2022-12-20,20.998199462890625,19.787599563598633
2022-12-21,21.000200271606445,19.754199981689453
2022-12-22,20.853900909423828,19.659589767456055
2022-12-23,20.735000610351562,19.559499740600586
2022-12-26,20.526260375976562,19.337390899658203
2022-12-27,20.60420036315918,19.363069534301758
2022-12-28,20.711700439453125,19.462099075317383
2022-12-29,20.653400421142578,19.422300338745117
2022-12-30,20.753799438476562,19.457599639892578
2023-01-02,20.813800811767578,19.44659996032715
2023-01-03,20.776199340820312,19.458799362182617
2023-01-04,20.467599868774414,19.40760040283203
2023-01-05,20.561599731445312,19.38680076599121
2023-01-06,20.326000213623047,19.31855010986328
2023-01-09,20.37809944152832,19.124300003051758
2023-01-10,20.535600662231445,19.124500274658203
2023-01-11,20.46660041809082,19.059600830078125
2023-01-12,20.395780563354492,18.942399978637695
2023-01-13,20.464500427246094,18.844310760498047
2023-01-16,20.320999145507812,18.774200439453125
2023-01-17,20.336599349975586,18.77790069580078
2023-01-18,20.125600814819336,18.64150047302246
2023-01-19,20.378700256347656,18.874059677124023
2023-01-20,20.57830047607422,18.98270034790039
2023-01-23,20.487499237060547,18.857770919799805
2023-01-24,20.451900482177734,18.81325912475586
2023-01-25,20.462799072265625,18.783599853515625
2023-01-26,20.516000747680664,18.776199340820312
2023-01-27,20.47480010986328,18.79669952392578
2023-01-30,20.403099060058594,18.768749237060547
2023-01-31,20.36549949645996,18.75860023498535
2023-02-01,20.46430015563965,18.842870712280273
2023-02-02,20.476900100708008,18.58289909362793
2023-02-03,20.34000015258789,18.641399383544922
2023-02-06,20.491500854492188,18.990869522094727
2023-02-07,20.563600540161133,19.167999267578125
2023-02-08,20.257999420166016,18.881500244140625
2023-02-09,20.28809928894043,18.934450149536133
2023-02-10,20.166500091552734,18.77829933166504
2023-02-13,19.941099166870117,18.67840003967285
2023-02-14,19.91950035095215,18.565040588378906
2023-02-15,19.86549949645996,18.50480079650879
2023-02-16,19.86971092224121,18.584550857543945
2023-02-17,19.782400131225586,18.54871940612793
2023-02-20,19.622800827026367,18.36737060546875
2023-02-21,19.638900756835938,18.38520050048828
2023-02-22,19.641399383544922,18.429899215698242
2023-02-23,19.476959228515625,18.364580154418945
2023-02-24,19.465599060058594,18.36865997314453
2023-02-27,19.40999984741211,18.39133071899414
2023-02-28,19.49799919128418,18.366899490356445
2023-03-01,19.357099533081055,18.300939559936523
2023-03-02,19.32724952697754,18.115970611572266
2023-03-03,19.198699951171875,18.105300903320312
2023-03-06,19.103900909423828,17.97800064086914
2023-03-07,19.235000610351562,18.00135040283203
2023-03-08,19.104299545288086,18.100099563598633
2023-03-09,18.956600189208984,17.97075080871582
2023-03-10,19.400100708007812,18.329639434814453
2023-03-13,19.568099975585938,18.31702995300293
2023-03-14,20.287799835205078,18.91908073425293
2023-03-15,19.96109962463379,18.600500106811523
2023-03-16,20.11079978942871,18.991899490356445
2023-03-17,19.920799255371094,18.769390106201172
2023-03-20,20.121000289916992,18.843420028686523
2023-03-21,20.166400909423828,18.814599990844727
2023-03-22,20.064199447631836,18.62405014038086
2023-03-23,20.210399627685547,18.593360900878906
2023-03-24,20.127899169921875,18.567899703979492
2023-03-27,19.85580062866211,18.427059173583984
2023-03-28,19.805999755859375,18.318599700927734
2023-03-29,19.747600555419922,18.219200134277344
2023-03-30,19.61870002746582,18.094030380249023
2023-03-31,19.72450065612793,18.089550018310547
2023-04-03,19.486299514770508,18.03915023803711
2023-04-04,19.730300903320312,18.087570190429688
2023-04-05,19.859359741210938,18.112499237060547
2023-04-06,19.964599609375,18.308799743652344
2023-04-07,19.917200088500977,18.227100372314453
2023-04-10,19.799999237060547,18.134700775146484
2023-04-11,19.732500076293945,18.14310073852539
2023-04-12,19.837400436401367,18.158899307250977
2023-04-13,19.864999771118164,18.055099487304688
2023-04-14,19.91349983215332,18.018999099731445
2023-04-17,19.762500762939453,17.99287986755371
2023-04-18,19.699600219726562,18.03219985961914
2023-04-19,19.802200317382812,18.043489456176758
2023-04-20,19.76959991455078,18.04050064086914
2023-04-21,19.73889923095703,17.997909545898438
2023-04-24,19.780479431152344,17.997140884399414
2023-04-25,19.87689971923828,17.965200424194336
2023-04-26,19.817699432373047,18.0403995513916
2023-04-27,20.055200576782227,18.158550262451172
2023-04-28,19.8971004486084,18.024499893188477
2023-05-01,19.822599411010742,17.99139976501465
2023-05-02,19.674999237060547,17.93769073486328
2023-05-03,19.7898006439209,17.97426986694336
2023-05-04,19.889299392700195,17.956100463867188
2023-05-05,19.72909927368164,17.89937973022461
2023-05-08,19.574899673461914,17.76626968383789
2023-05-09,19.55820083618164,17.787580490112305
2023-05-10,19.46739959716797,17.743499755859375
2023-05-11,19.27519989013672,17.537200927734375
2023-05-12,19.190099716186523,17.57469940185547
2023-05-15,19.095699310302734,17.596250534057617
2023-05-16,18.96980094909668,17.4330997467041
2023-05-17,19.005599975585938,17.480300903320312
2023-05-18,19.081499099731445,17.606769561767578
2023-05-19,19.08810043334961,17.715700149536133
2023-05-22,19.21500015258789,17.7460994720459
2023-05-23,19.342300415039062,17.879899978637695
2023-05-24,19.352100372314453,17.958200454711914
2023-05-25,19.145200729370117,17.799930572509766
2023-05-26,19.15131950378418,17.84630012512207
2023-05-29,18.884300231933594,17.60219955444336
2023-05-30,18.842899322509766,17.598819732666016
2023-05-31,18.959199905395508,17.65570068359375
2023-06-01,18.913799285888672,17.67650032043457
2023-06-02,18.885099411010742,17.538799285888672
2023-06-05,18.78730010986328,17.550399780273438
2023-06-06,18.706300735473633,17.445899963378906
2023-06-07,18.591999053955078,17.367700576782227
2023-06-08,18.58230972290039,17.355289459228516
2023-06-09,18.744300842285156,17.37220001220703
2023-06-12,18.5802001953125,17.27090072631836
2023-06-13,18.601900100708008,17.2841796875
2023-06-14,18.593000411987305,17.233789443969727
2023-06-15,18.58300018310547,17.127399444580078
2023-06-16,18.74530029296875,17.12636947631836
2023-06-19,18.681880950927734,17.0669002532959
2023-06-20,18.649900436401367,17.072999954223633
2023-06-21,18.785900115966797,17.20363998413086
2023-06-22,18.828500747680664,17.11750030517578
2023-06-23,18.823999404907227,17.170000076293945
2023-06-26,18.714599609375,17.1471004486084
2023-06-27,18.6875,17.117000579833984
2023-06-28,18.723600387573242,17.076499938964844
2023-06-29,18.659700393676758,17.08289909362793
2023-06-30,18.603900909423828,17.10610008239746
2023-07-03,18.672500610351562,17.12080955505371
2023-07-04,18.61590003967285,17.047000885009766
2023-07-05,18.551799774169922,17.035499572753906
2023-07-06,18.45989990234375,17.006080627441406
2023-07-07,18.765199661254883,17.231609344482422
2023-07-10,18.806400299072266,17.147850036621094
2023-07-11,18.771699905395508,17.0447998046875
2023-07-12,18.76799964904785,17.028900146484375
2023-07-13,18.821640014648438,16.89642906188965
2023-07-14,18.9143009185791,16.846630096435547
2023-07-17,18.80620002746582,16.73870086669922
2023-07-18,18.795000076293945,16.713699340820312
2023-07-19,18.809600830078125,16.75214958190918
2023-07-20,18.725860595703125,16.711870193481445
2023-07-21,18.79360008239746,16.86590003967285
2023-07-24,18.89699935913086,16.974300384521484
2023-07-25,18.627300262451172,16.826099395751953
2023-07-26,18.717300415039062,16.926700592041016
2023-07-27,18.679479598999023,16.86244010925293
2023-07-28,18.508699417114258,16.84709930419922
2023-07-31,18.388399124145508,16.68090057373047
2023-08-01,18.420499801635742,16.738100051879883
2023-08-02,18.573400497436523,16.8735294342041
2023-08-03,18.61840057373047,17.00079917907715
2023-08-04,18.979400634765625,17.318199157714844
2023-08-07,18.792600631713867,17.08099937438965
2023-08-08,18.78860092163086,17.064699172973633
2023-08-09,18.760299682617188,17.106399536132812
2023-08-10,18.72718048095703,17.059289932250977
2023-08-11,18.755300521850586,17.067699432373047
2023-08-14,18.598100662231445,16.993989944458008
2023-08-15,18.60569953918457,17.045299530029297
2023-08-16,18.676599502563477,17.12866973876953
2023-08-17,18.64240074157715,17.14409065246582
2023-08-18,18.592599868774414,17.09787940979004
2023-08-21,18.526399612426758,17.026100158691406
2023-08-22,18.553300857543945,17.012800216674805
2023-08-23,18.337200164794922,16.906450271606445
2023-08-24,18.243799209594727,16.77910041809082
2023-08-25,18.174100875854492,16.830610275268555
2023-08-28,18.064800262451172,16.718799591064453
2023-08-29,18.170799255371094,16.785999298095703
2023-08-30,18.258399963378906,16.786699295043945
2023-08-31,18.313749313354492,16.757129669189453
2023-09-01,18.430700302124023,16.998220443725586
2023-09-04,18.39699935913086,17.073270797729492
2023-09-05,18.534900665283203,17.17608070373535
2023-09-06,18.65410041809082,17.382600784301758
2023-09-07,18.864700317382812,17.578899383544922
2023-09-08,18.81570053100586,17.577299118041992
2023-09-11,18.800100326538086,17.543140411376953
2023-09-12,18.572900772094727,17.281030654907227
2023-09-13,18.52280044555664,17.21339988708496
2023-09-14,18.40130043029785,17.130599975585938
2023-09-15,18.19300079345703,17.106359481811523
2023-09-18,18.19890022277832,17.047399520874023
2023-09-19,18.314300537109375,17.11669921875
2023-09-20,18.227100372314453,17.06485939025879
2023-09-21,18.20490074157715,17.092159271240234
2023-09-22,18.361600875854492,17.21109962463379
2023-09-25,18.298599243164062,17.173599243164062
2023-09-26,18.424699783325195,17.3843994140625
2023-09-27,18.543100357055664,17.54500961303711
2023-09-28,18.578399658203125,17.68695068359375
2023-09-29,18.524599075317383,17.5389404296875
2023-10-02,18.388399124145508,17.39539909362793
2023-10-03,18.523099899291992,17.662500381469727
2023-10-04,18.86639976501465,18.0093994140625
2023-10-05,18.900800704956055,17.978099822998047
2023-10-06,19.275999069213867,18.278139114379883
2023-10-09,19.274799346923828,18.22800064086914
2023-10-10,19.26059913635254,18.207679748535156
2023-10-11,19.018320083618164,17.934030532836914
2023-10-12,18.952600479125977,17.837169647216797
2023-10-13,18.933500289916992,17.97064971923828
2023-10-16,18.989700317382812,18.049999237060547
2023-10-17,18.899890899658203,17.90700912475586
2023-10-18,19.0447998046875,18.001800537109375
2023-10-19,19.229000091552734,18.235200881958008
2023-10-20,19.391199111938477,18.308500289916992
2023-10-23,19.28510093688965,18.201099395751953
2023-10-24,19.357500076293945,18.132299423217773
2023-10-25,19.34480094909668,18.259069442749023
2023-10-26,19.37849998474121,18.32740020751953
2023-10-27,19.171899795532227,18.136199951171875
2023-10-30,19.122299194335938,18.10548973083496
2023-10-31,19.168899536132812,18.048099517822266
2023-11-01,19.104360580444336,18.04669952392578
2023-11-02,18.803699493408203,17.76235008239746
2023-11-03,18.618600845336914,17.527000427246094
2023-11-06,18.749120712280273,17.472129821777344
2023-11-07,18.8075008392334,17.53529930114746
2023-11-08,18.698200225830078,17.470199584960938
2023-11-09,18.782100677490234,17.52519989013672
2023-11-10,18.975900650024414,17.78936004638672
2023-11-13,18.87299919128418,17.656400680541992
2023-11-14,18.845800399780273,17.600099563598633
2023-11-15,18.866300582885742,17.332500457763672
2023-11-16,18.772899627685547,17.29616928100586
2023-11-17,18.70840072631836,17.225799560546875
2023-11-20,18.78030014038086,17.219680786132812
2023-11-21,18.727399826049805,17.110740661621094
2023-11-22,18.77750015258789,17.189599990844727
2023-11-23,18.721599578857422,17.1951904296875
2023-11-24,18.739599227905273,17.186500549316406
2023-11-27,18.722000122070312,17.113859176635742
2023-11-28,18.815000534057617,17.158599853515625
2023-11-29,18.85099983215332,17.121000289916992
2023-11-30,18.976299285888672,17.282800674438477
2023-12-01,18.93720054626465,17.376300811767578
2023-12-04,18.713899612426758,17.18876075744629
2023-12-05,18.927900314331055,17.454099655151367
2023-12-06,18.748300552368164,17.358299255371094
2023-12-07,18.611299514770508,17.287460327148438
2023-12-08,18.851900100708008,17.472049713134766
2023-12-11,18.673999786376953,17.34709930419922
2023-12-12,18.71179962158203,17.36989974975586
2023-12-13,18.684600830078125,17.303760528564453
2023-12-14,18.78499984741211,17.26226043701172
2023-12-15,18.897600173950195,17.190380096435547
2023-12-18,18.761999130249023,17.221200942993164
2023-12-19,18.746299743652344,17.162700653076172
2023-12-20,18.746000289916992,17.059799194335938
2023-12-21,18.749000549316406,17.133169174194336
2023-12-22,18.743799209594727,17.031269073486328
2023-12-25,18.704200744628906,16.978370666503906
2023-12-26,18.71540069580078,16.975200653076172
2023-12-27,18.755399703979492,16.973600387573242
2023-12-28,18.798999786376953,16.91360092163086
2023-12-29,18.773500442504883,16.951200485229492
2024-01-01,18.722230911254883,16.96343994140625
2024-01-02,18.720300674438477,16.962509155273438
2024-01-03,18.635799407958984,17.019399642944336
2024-01-04,18.585899353027344,17.012149810791016
2024-01-05,18.631399154663086,17.00860023498535
2024-01-08,18.46929931640625,16.880939483642578
2024-01-09,18.432199478149414,16.83370018005371
2024-01-10,18.54680061340332,16.966659545898438
2024-01-11,18.635799407958984,16.981660842895508
2024-01-12,18.557899475097656,16.901559829711914
2024-01-15,18.462600708007812,16.869070053100586
2024-01-16,18.49329948425293,16.88479995727539
2024-01-17,18.721399307250977,17.197900772094727
2024-01-18,18.7273006439209,17.19260025024414
2024-01-19,18.676300048828125,17.168359756469727
2024-01-22,18.61750030517578,17.093149185180664
2024-01-23,18.694400787353516,17.174699783325195
2024-01-24,18.789899826049805,17.306060791015625
2024-01-25,18.752399444580078,17.234159469604492
2024-01-26,18.65730094909668,17.18950080871582
2024-01-29,18.614900588989258,17.16861915588379
2024-01-30,18.654600143432617,17.219560623168945
2024-01-31,18.59830093383789,17.1527099609375
2024-02-01,18.59980010986328,17.217529296875
2024-02-02,18.571500778198242,17.0674991607666
2024-02-05,18.48740005493164,17.15069007873535
2024-02-06,18.390300750732422,17.109100341796875
2024-02-07,18.328100204467773,17.027999877929688
2024-02-08,18.378999710083008,17.045400619506836
2024-02-09,18.474300384521484,17.13170051574707
2024-02-12,18.436199188232422,17.075429916381836
2024-02-13,18.384199142456055,17.067760467529297
2024-02-14,18.42009925842285,17.202009201049805
2024-02-15,18.336599349975586,17.075199127197266
2024-02-16,18.35700035095215,17.040170669555664
2024-02-19,18.382200241088867,17.042930603027344
2024-02-20,18.366500854492188,17.03420066833496
2024-02-21,18.442459106445312,17.059799194335938
2024-02-22,18.4419002532959,17.033100128173828
2024-02-23,18.518400192260742,17.10733985900879
2024-02-26,18.516000747680664,17.113929748535156
2024-02-27,18.546600341796875,17.08169937133789
2024-02-28,18.50320053100586,17.066959381103516
2024-02-29,18.531600952148438,17.087299346923828
2024-03-01,18.419200897216797,17.050060272216797
2024-03-04,18.441200256347656,17.009370803833008
2024-03-05,18.403499603271484,16.95507049560547
2024-03-06,18.393299102783203,16.932100296020508
2024-03-07,18.396699905395508,16.867799758911133
2024-03-08,18.47960090637207,16.864700317382812
2024-03-11,18.386899948120117,16.803619384765625
2024-03-12,18.36210060119629,16.798969268798828
2024-03-13,18.35300064086914,16.784299850463867
2024-03-14,18.257299423217773,16.669330596923828
2024-03-15,18.176300048828125,16.701860427856445
2024-03-18,18.19529914855957,16.720399856567383
2024-03-19,18.299800872802734,16.830860137939453
2024-03-20,18.263099670410156,16.79990005493164
2024-03-21,18.242799758911133,16.667699813842773
2024-03-22,18.181699752807617,16.7268009185791
2024-03-25,18.110700607299805,16.75830078125
2024-03-26,18.080400466918945,16.670700073242188
2024-03-27,18.02829933166504,16.63159942626953
2024-03-28,17.912290573120117,16.55069923400879
2024-03-29,17.915250778198242,16.602840423583984
2024-04-01,17.867300033569336,16.555450439453125
2024-04-02,17.846010208129883,16.608800888061523
2024-04-03,17.834199905395508,16.54990005493164
2024-04-04,17.92490005493164,16.527000427246094
2024-04-05,17.956100463867188,16.573200225830078
2024-04-08,17.830699920654297,16.45199966430664
2024-04-09,17.733400344848633,16.314300537109375
2024-04-10,17.790000915527344,16.383310317993164
2024-04-11,17.684999465942383,16.452499389648438
2024-04-12,17.632200241088867,16.42609977722168
2024-04-15,17.68779945373535,16.611080169677734
2024-04-16,17.751930236816406,16.694400787353516
2024-04-17,18.090499877929688,17.033340454101562
2024-04-18,18.10460090637207,16.956300735473633
2024-04-19,18.173599243164062,17.074960708618164
2024-04-22,18.228900909423828,17.091999053955078
2024-04-23,18.257099151611328,17.136980056762695
2024-04-24,18.153200149536133,16.949199676513672
2024-04-25,18.27669906616211,17.070100784301758
2024-04-26,18.45319938659668,17.201810836791992
2024-04-29,18.37649917602539,17.16404914855957
2024-04-30,18.228099822998047,17.011560440063477
2024-05-01,18.29210090637207,17.149919509887695
2024-05-02,18.156600952148438,16.928600311279297
2024-05-03,18.21619987487793,16.961700439453125
2024-05-06,18.26689910888672,16.980260848999023
2024-05-07,18.178300857543945,16.88334083557129
2024-05-08,18.172000885009766,16.90406036376953
2024-05-09,18.178499221801758,16.9160099029541
2024-05-10,18.102399826049805,16.779499053955078
2024-05-13,18.07159996032715,16.767200469970703
2024-05-14,18.127500534057617,16.783199310302734
2024-05-15,18.216100692749023,16.844160079956055
2024-05-16,18.163999557495117,16.681060791015625
2024-05-17,18.12470054626465,16.678159713745117
2024-05-20,18.046899795532227,16.586299896240234
2024-05-21,17.976600646972656,16.552570343017578
2024-05-22,18.041400909423828,16.606599807739258
2024-05-23,18.035900115966797,16.661630630493164
2024-05-24,18.088199615478516,16.730369567871094
2024-05-27,18.099599838256836,16.673799514770508
2024-05-28,18.097200393676758,16.6623592376709
2024-05-29,18.223400115966797,16.781400680541992
2024-05-30,18.381200790405273,17.017580032348633
2024-05-31,18.421600341796875,17.00581932067871
2024-06-03,18.419300079345703,16.97260093688965
2024-06-04,19.305700302124023,17.700429916381836
2024-06-05,19.38170051574707,17.81191062927246
2024-06-06,19.04560089111328,17.50349998474121
2024-06-07,19.47559928894043,17.879959106445312
2024-06-10,19.74650001525879,18.325849533081055
2024-06-11,19.989299774169922,18.57221031188965
2024-06-12,19.9552001953125,18.58061981201172
2024-06-13,20.277799606323242,18.754140853881836
2024-06-14,19.777000427246094,18.415180206298828
2024-06-17,19.752599716186523,18.455799102783203
2024-06-18,19.903799057006836,18.52090072631836
2024-06-19,19.770700454711914,18.399099349975586
2024-06-20,19.804899215698242,18.427440643310547
2024-06-21,19.64430046081543,18.34238052368164
2024-06-24,19.375499725341797,18.129789352416992
2024-06-25,19.260799407958984,17.944719314575195
2024-06-26,19.40239906311035,18.111299514770508
2024-06-27,19.556800842285156,18.301000595092773
2024-06-28,19.737699508666992,18.42976951599121
2024-07-01,19.61870002746582,18.265300750732422
2024-07-02,19.726499557495117,18.36639976501465
2024-07-03,19.630939483642578,18.252199172973633
2024-07-04,19.611400604248047,18.174360275268555
2024-07-05,19.555400848388672,18.080400466918945
2024-07-08,19.581600189208984,18.088279724121094
2024-07-09,19.479900360107422,17.973600387573242
2024-07-10,19.3528995513916,17.895339965820312
2024-07-11,19.32200050354004,17.836530685424805
2024-07-12,19.302000045776367,17.753259658813477
2024-07-15,19.26490020751953,17.69873046875
2024-07-16,19.32040023803711,17.71579933166504
2024-07-17,19.242300033569336,17.650419235229492
2024-07-18,19.395599365234375,17.720199584960938
2024-07-19,19.57710075378418,17.958499908447266
2024-07-22,19.585500717163086,17.970619201660156
2024-07-23,19.53730010986328,17.930599212646484
2024-07-24,19.7052001953125,18.163150787353516
2024-07-25,19.901500701904297,18.360319137573242
2024-07-26,20.01409912109375,18.439899444580078
2024-07-29,20.013200759887695,18.42729949951172
2024-07-30,20.179399490356445,18.640899658203125
2024-07-31,20.293399810791016,18.75279998779297
2024-08-01,20.17490005493164,18.640039443969727
2024-08-02,20.425800323486328,18.923799514770508
2024-08-05,21.305299758911133,19.528430938720703
2024-08-06,21.019100189208984,19.19502067565918
2024-08-07,21.396699905395508,19.58378028869629
2024-08-08,21.130050659179688,19.33470916748047
2024-08-09,20.586200714111328,18.86026954650879
2024-08-12,20.540700912475586,18.822189331054688
2024-08-13,20.843799591064453,19.059799194335938
2024-08-14,20.887399673461914,18.998079299926758
2024-08-15,20.72480010986328,18.81170082092285
2024-08-16,20.458799362182617,18.636199951171875
2024-08-19,20.533899307250977,18.6258602142334
2024-08-20,20.69230079650879,18.665109634399414
2024-08-21,21.153400421142578,19.009849548339844
2024-08-22,21.50349998474121,19.277130126953125
2024-08-23,21.67639923095703,19.49020004272461
2024-08-26,21.492900848388672,19.212249755859375
2024-08-27,21.640300750732422,19.374500274658203
2024-08-28,22.107019424438477,19.77079963684082
2024-08-29,21.884199142456055,19.664400100708008
2024-08-30,21.98040008544922,19.834199905395508
2024-09-02,21.76959991455078,19.699800491333008
2024-09-03,21.961200714111328,19.83639907836914
2024-09-04,21.8705997467041,19.795400619506836
2024-09-05,22.102800369262695,19.948749542236328
2024-09-06,22.090539932250977,19.881380081176758
2024-09-09,22.11910057067871,19.940200805664062
2024-09-10,21.951000213623047,19.89137077331543
2024-09-11,22.1382999420166,20.08941078186035
2024-09-12,21.805099487304688,19.795900344848633
2024-09-13,21.635099411010742,19.52079963684082
2024-09-16,21.24650001525879,19.15220069885254
2024-09-17,21.383899688720703,19.20560073852539
2024-09-18,21.26110076904297,19.115530014038086
2024-09-19,21.3843994140625,19.243270874023438
2024-09-20,21.546600341796875,19.299999237060547
2024-09-23,21.62470054626465,19.37656021118164
2024-09-24,21.58209991455078,19.4153995513916
2024-09-25,21.618099212646484,19.30820083618164
2024-09-26,21.859800338745117,19.636600494384766
2024-09-27,21.924100875854492,19.61591911315918
2024-09-30,21.93939971923828,19.63050079345703
2024-10-01,21.908599853515625,19.66360092163086
2024-10-02,21.712919235229492,19.626440048217773
2024-10-03,21.451900482177734,19.408199310302734
2024-10-04,21.345500946044922,19.335500717163086
2024-10-07,21.148799896240234,19.27667999267578
2024-10-08,21.171600341796875,19.289670944213867
2024-10-09,21.24250030517578,19.345399856567383
2024-10-10,21.300800323486328,19.467449188232422
2024-10-11,21.263999938964844,19.438400268554688
2024-10-14,21.072399139404297,19.29953956604004
2024-10-15,21.191200256347656,19.425949096679688
2024-10-16,21.445899963378906,19.695100784301758
2024-10-17,21.613000869750977,19.898700714111328
2024-10-18,21.459400177001953,19.816810607910156
2024-10-21,21.593000411987305,19.868560791015625
2024-10-22,21.595500946044922,19.960800170898438
2024-10-23,21.532800674438477,19.936199188232422
2024-10-24,21.378999710083008,19.832460403442383
2024-10-25,21.45870018005371,19.814199447631836
2024-10-28,21.53219985961914,19.946569442749023
2024-10-29,21.66189956665039,20.02873992919922
2024-10-30,21.698400497436523,20.05377960205078
2024-10-31,21.896099090576172,20.1639404296875
2024-11-01,21.822900772094727,20.050689697265625
2024-11-04,21.836000442504883,20.081819534301758
2024-11-05,21.85810089111328,20.093900680541992
2024-11-06,22.014400482177734,20.13159942626953
2024-11-07,21.64189910888672,20.167009353637695
2024-11-08,21.368200302124023,19.793569564819336
2024-11-11,21.572900772094727,20.13759994506836
2024-11-12,21.69499969482422,20.339500427246094
2024-11-13,21.856800079345703,20.582700729370117
2024-11-14,21.680099487304688,20.518400192260742
2024-11-15,21.528400421142578,20.438600540161133
2024-11-18,21.444900512695312,20.356170654296875
2024-11-19,21.414400100708008,20.213289260864258
2024-11-20,21.327999114990234,20.10972023010254
2024-11-21,21.380699157714844,20.274620056152344
2024-11-22,21.37150001525879,20.414119720458984
2024-11-25,21.32539939880371,20.350839614868164
2024-11-26,21.493200302124023,20.580469131469727
2024-11-27,21.67530059814453,20.65250015258789
2024-11-28,21.751300811767578,20.598169326782227
2024-11-29,21.590299606323242,20.436199188232422
2024-12-02,21.4862003326416,20.378610610961914
2024-12-03,21.425899505615234,20.40690040588379
2024-12-04,21.348499298095703,20.30389976501465
2024-12-05,21.348499298095703,20.308639526367188
2024-12-06,21.382400512695312,20.19179916381836
2024-12-09,21.30929946899414,20.170900344848633
2024-12-10,21.36870002746582,20.245899200439453
2024-12-11,21.231300354003906,20.1607608795166
2024-12-12,21.14259910583496,20.114200592041016
2024-12-13,21.155899047851562,20.191099166870117
2024-12-16,21.129499435424805,20.105419158935547
2024-12-17,21.173500061035156,20.133819580078125
2024-12-18,21.170799255371094,20.173749923706055
2024-12-19,21.097900390625,20.37470054626465
2024-12-20,21.084699630737305,20.333999633789062
2024-12-23,20.928300857543945,20.063430786132812
2024-12-24,20.9960994720459,20.169300079345703
2024-12-25,20.86090087890625,20.153799057006836
2024-12-26,20.95475959777832,20.156639099121094
2024-12-27,21.066099166870117,20.20479965209961
2024-12-30,21.183799743652344,20.313169479370117
2024-12-31,21.478300094604492,20.632200241088867
2025-01-02,21.56100082397461,20.83024024963379
2025-01-03,21.153099060058594,20.592899322509766
2025-01-06,21.24799919128418,20.620149612426758
2025-01-07,21.109100341796875,20.32080078125
2025-01-08,21.02519989013672,20.32733917236328
2025-01-09,21.051799774169922,20.410959243774414
2025-01-10,21.113800048828125,20.506359100341797
2025-01-13,21.206100463867188,20.70178985595703
2025-01-14,21.15559959411621,20.61046028137207
2025-01-15,21.140600204467773,20.503999710083008
2025-01-16,21.05769920349121,20.455310821533203
2025-01-17,21.4601993560791,20.83272933959961
2025-01-20,21.363500595092773,20.791290283203125
2025-01-21,21.35810089111328,20.49724006652832
2025-01-22,21.498199462890625,20.66119956970215
2025-01-23,21.332599639892578,20.48710060119629
