Date,ABBV,MET,OXY,PERI,SPY,,,,
2020-01-02,71.58978271,43.14865494,39.51668549,6.5,301.1948242,,,,
2020-01-03,70.91025543,42.70564651,40.4725914,6.559999943,298.9141541,,,,
2020-01-06,71.46986389,42.58861542,41.80898666,7.300000191,300.0545044,,,,
2020-01-07,71.06215668,42.87281418,42.01315689,7.760000229,299.2108765,,,,
2020-01-08,71.56578827,43.32419968,41.74402618,8.279999733,300.805603,,,,
2020-01-09,72.11742401,43.77558517,42.1059761,8.359999657,302.8451538,,,,
2020-01-10,71.19805145,43.85916901,42.59784317,8.43999958,301.9736938,,,,
2020-01-13,70.76637268,43.95112228,43.21963501,8.300000191,304.0503845,,,,
2020-01-14,71.46315002,43.62511444,43.84144211,8.720000267,303.5869751,,,,
2020-01-15,72.32202148,43.34092331,43.86000061,8.949999809,304.2729797,,,,
2020-01-16,72.32202148,43.63348007,43.31243896,8.720000267,306.8040161,,,,
2020-01-17,71.3011322,43.97619247,42.53287506,8.970000267,307.7589111,,,,
2020-01-21,71.29302216,43.26568604,41.13151169,9.369999886,307.156311,,,,
2020-01-22,70.66101074,43.38271713,40.17560577,9.270000458,307.1934204,,,,
2020-01-23,69.08917236,43.29912949,39.46100616,8.800000191,307.5457458,,,,
2020-01-24,67.68742371,42.85609436,39.1825943,8.289999962,304.81073,,,,
2020-01-27,68.07637024,41.86975479,38.27309418,7.949999809,299.9247131,,,,
2020-01-28,67.87380219,42.25426102,38.23596573,8.020000458,303.067688,,,,
2020-01-29,67.41196442,42.20411301,37.55848312,8.159999847,302.8173828,,,,
2020-01-30,66.26143646,42.86446381,37.66984558,7.829999924,303.8001099,,,,
2020-01-31,65.64562988,41.55210876,36.86244202,7.710000038,298.2837219,,,,
2020-02-03,66.68274689,41.90631866,37.19654083,7.900000095,300.4996338,,,,
2020-02-04,68.35185242,42.33643341,37.5863266,8.170000076,305.0795593,,,,
2020-02-05,70.19108582,43.45808411,39.0897789,8.369999886,308.6026001,,,,
2020-02-06,70.63671112,43.74483109,39.0897789,7.96999979,309.6409912,,,,
2020-02-07,74.77705383,43.50026321,38.8763237,7.920000076,307.9907227,,,,
2020-02-10,76.77024078,43.75326538,37.5863266,8.130000114,310.2899475,,,,
2020-02-11,77.78304291,44.18338013,38.20812225,8.340000153,310.8277588,,,,
2020-02-12,79.23337555,44.25084686,39.43316269,8.420000076,312.8303833,,,,
2020-02-13,77.2563858,44.17495728,39.01554108,8.5,312.4965515,,,,
2020-02-14,76.20307922,44.0906105,38.60718918,9.010000229,312.9971924,,,,
2020-02-18,75.84656525,43.7110939,38.57007217,8.779999733,312.1906128,,,,
2020-02-19,76.27597809,43.67737579,39.45172882,8.869999886,313.6832886,,,,
2020-02-20,76.34889984,44.0906105,39.87863159,8.640000343,312.3946533,,,,
2020-02-21,76.94038391,43.20509338,39.0897789,8.390000343,309.1774292,,,,
2020-02-24,75.46575165,41.6448822,36.63970947,7.829999924,298.9234619,,,,
2020-02-25,72.25719452,40.12683105,33.58639526,7.860000134,289.8654175,,,,
2020-02-26,71.63332367,39.57022858,31.75812912,7.789999962,288.7992859,,,,
2020-02-27,69.21069336,37.01485443,29.52150345,7.199999809,275.8287354,,,,
2020-02-28,69.44567871,36.02813721,30.3846035,7.199999809,274.6698303,,,,
2020-03-02,71.86018372,37.57991409,30.5795002,7.28000021,286.5648499,,,,
2020-03-03,70.95269775,35.9016304,30.6166172,7.159999847,278.3598328,,,,
2020-03-04,74.33950806,36.9642601,30.56093407,7.210000038,290.0601196,,,,
2020-03-05,73.41583252,34.25708389,29.21525002,7,280.4180603,,,,
2020-03-06,71.96551514,33.04265594,24.92762375,7,275.7823792,,,,
2020-03-09,69.08917236,27.54398155,11.9618187,6.28000021,254.2454224,,,,
2020-03-10,70.92030334,29.53429794,13.71162891,6.559999943,267.4012451,,,,
2020-03-11,68.74886322,28.08372688,11.28293133,6.199999809,254.3657837,,,,
2020-03-12,63.69296646,23.86694908,11.36898613,5.21999979,230.0288239,,,,
2020-03-13,69.1701889,26.92832947,13.63513374,5.170000076,249.693161,,,,
2020-03-16,60.17651367,22.60191727,11.49328899,4.059999943,222.3708191,,,,
2020-03-17,59.16372299,23.9765892,10.84308529,4.110000134,234.3770447,,,,
2020-03-18,57.55134964,23.76574707,10.06858063,3.670000076,222.509903,,,,
2020-03-19,57.57564545,22.60191727,10.35543346,3.950000048,222.9827118,,,,
2020-03-20,55.76072311,20.5609951,9.781728745,4.079999924,213.3734436,,,,
2020-03-23,52.26049042,19.84414864,9.265387535,4.090000153,207.9178467,,,,
2020-03-24,54.68309402,23.28503799,10.25025368,4.460000038,226.7559052,,,,
2020-03-25,55.02339935,25.08138275,11.47416592,4.760000229,230.1504822,,,,
2020-03-26,59.82002258,27.43434334,12.26779652,4.920000076,243.5888977,,,,
2020-03-27,58.88012695,26.03437805,11.10125542,4.960000038,236.3334808,,,,
2020-03-30,60.96245193,27.01266479,10.52754498,4.659999847,244.0085449,,,,
2020-03-31,61.73219681,25.78137016,11.07256889,4.889999866,240.371521,,,,
2020-04-01,59.48781967,23.52960777,10.26937485,4.269999981,229.5536194,,,,
2020-04-02,60.87332535,23.65611267,12.21042538,4.480000019,234.8506622,,,,
2020-04-03,59.44730759,23.37780762,12.43034649,4.199999809,231.456131,,,,
2020-04-06,61.359478,25.83196831,12.85106468,4.599999905,247.0021667,,,,
2020-04-07,61.08399963,26.63315582,13.23353672,4.849999905,247.253952,,,,
2020-04-08,63.65243912,28.22709846,14.87816906,4.949999809,255.553894,,,,
2020-04-09,64.61663818,29.90537453,14.68693256,5.079999924,259.4427185,,,,
2020-04-13,65.06227112,28.94395828,14.65824509,5.139999866,257.0738831,,,,
2020-04-14,67.53746033,29.03672028,14.24709034,5.099999905,264.6557922,,,,
2020-04-15,67.282547,27.38374519,13.01361465,4.929999828,259.0323486,,,,
2020-04-16,67.31542969,26.10184288,11.66540051,4.789999962,260.2819824,,,,
2020-04-17,68.62294769,27.88133049,13.03274155,4.760000229,267.3136902,,,,
2020-04-20,69.06698608,27.45121193,12.03831291,4.849999905,262.6040955,,,,
2020-04-21,66.08195496,26.53195572,11.79926682,4.760000229,254.6306458,,,,
2020-04-22,66.99473572,26.7849617,12.44946861,4.809999943,260.2819824,,,,
2020-04-23,67.4634552,26.9030304,13.26222229,4.800000191,260.2633057,,,,
2020-04-24,68.73805237,28.08372688,13.20485115,4.71999979,263.8910522,,,,
2020-04-27,69.6426239,29.02829361,13.52995205,4.690000057,267.6960144,,,,
2020-04-28,68.05553436,29.66923141,14.50525761,4.659999847,266.4649658,,,,
2020-04-29,68.87785339,31.60896111,16.04470444,4.949999809,273.4406433,,,,
2020-04-30,67.59502411,30.42825699,15.87259674,4.989999771,270.8948059,,,,
2020-05-01,68.12132263,29.24755669,14.57218838,4.460000038,263.723175,,,,
2020-05-04,67.31542969,28.82587624,14.83992004,4.730000019,264.4506836,,,,
2020-05-05,70.20179749,28.90178299,14.64868546,4.690000057,266.8939819,,,,
2020-05-06,70.24291992,27.80541992,12.81281757,4.539999962,265.0847778,,,,
2020-05-07,69.25611877,29.45613289,13.27178288,4.769999981,268.2834778,,,,
2020-05-08,69.04232025,30.12325287,14.36183071,4.920000076,272.7225952,,,,
2020-05-11,72.2822876,29.05413628,14.37139034,4.829999924,272.7785339,,,,
2020-05-12,74.38742828,27.68568039,13.94111061,4.769999981,267.3416138,,,,
2020-05-13,73.07993317,26.31721687,12.85106468,4.510000229,262.6134033,,,,
2020-05-14,73.95980835,27.22382927,13.1570406,4.400000095,265.7562866,,,,
2020-05-15,74.59300232,27.12974739,13.2144146,4.440000057,266.9779053,,,,
2020-05-18,75.21797943,28.5837307,14.40963936,4.78000021,275.1099548,,,,
2020-05-19,74.99593353,27.70278168,13.74031353,4.909999847,272.2842407,,,,
2020-05-20,74.98771667,28.36135864,14.33314514,4.989999771,276.9098511,,,,
2020-05-21,76.49256897,28.64360809,13.62557125,5.360000134,274.9980469,,,,
2020-05-22,75.73603058,28.51531029,13.51083088,5.260000229,275.5203857,,,,
2020-05-26,74.59300232,30.87590599,13.7689991,6.139999866,278.9148865,,,,
2020-05-27,73.99269867,31.58579826,13.78812313,5.730000019,283.0648804,,,,
2020-05-28,74.03381348,31.18380356,13.04230022,5.489999771,282.5426941,,,,
2020-05-29,76.20475769,30.79892349,12.3825388,5.510000229,283.8016357,,,,
2020-06-01,74.58478546,31.1068325,13.20485115,5.610000134,284.9486389,,,,
2020-06-02,74.86437988,31.1239357,14.10366154,5.510000229,287.308075,,,,
2020-06-03,74.7410202,32.39832306,14.77298737,5.630000114,291.1317139,,,,
2020-06-04,76.50901794,33.64703369,14.86860657,5.550000191,290.3669434,,,,
2020-06-05,77.17508698,34.84444046,19.87899399,5.78000021,297.8088684,,,,
2020-06-08,77.78361511,36.77739716,23.33080101,6.199999809,301.4086304,,,,
2020-06-09,79.08289337,35.53722,22.16426468,5.989999771,299.1611023,,,,
2020-06-10,79.68318176,33.78388596,19.85030556,5.789999962,297.4917908,,,,
2020-06-11,75.86760712,30.7305069,16.64710426,5.110000134,280.3416748,,,,
2020-06-12,76.03207397,32.03053665,17.69950294,5.300000191,283.6990051,,,,
2020-06-15,76.54190826,32.56082535,18.22570801,5.420000076,286.3474731,,,,
2020-06-16,78.99242401,33.0911026,19.41204834,5.590000153,291.8590698,,,,
2020-06-17,78.72930145,32.34700394,18.21614075,5.369999886,290.646759,,,,
2020-06-18,79.13223267,32.59503174,18.81888199,5.690000057,290.7585449,,,,
2020-06-19,79.52696228,31.91935539,18.8571434,5.610000134,289.0969543,,,,
2020-06-22,79.98745728,31.58579826,19.04849243,5.550000191,290.9515381,,,,
2020-06-23,80.02032471,31.67988396,18.9336853,5.699999809,292.2909546,,,,
2020-06-24,78.23590851,30.38839149,17.22113991,5.539999962,284.8350525,,,,
2020-06-25,79.75720215,31.08117676,17.73777199,5.380000114,287.8886414,,,,
2020-06-26,79.05001068,29.99495697,16.92455101,5.369999886,281.0509033,,,,
2020-06-29,79.30491638,30.42260551,17.08719635,5.25,285.1815491,,,,
2020-06-30,80.73576355,31.23512459,17.50815392,5.230000019,288.8346558,,,,
2020-07-01,81.52519226,30.3712883,16.65667152,5.119999886,290.8578186,,,,
2020-07-02,81.31138611,30.49102783,17.01066017,5.059999943,292.4596252,,,,
2020-07-06,81.41828918,31.7226429,17.3933506,5.360000134,296.9744568,,,,
2020-07-07,81.69789124,30.80748177,16.40791893,5.300000191,293.9114685,,,,
2020-07-08,81.64031982,31.44894981,16.53229713,5.320000172,296.1594849,,,,
2020-07-09,80.538414,30.26864433,15.57556343,5.360000134,294.4734192,,,,
2020-07-10,79.62561798,31.594347,15.98696136,5.320000172,297.4802551,,,,
2020-07-13,80.4726181,31.99633598,15.46075821,5.309999943,294.9043579,,,,
2020-07-14,82.29548645,32.40687561,15.95825481,5.840000153,298.7260132,,,,
2020-07-15,83.63559723,33.04833984,16.43662453,5.519999981,301.4705505,,,,
2020-07-16,83.16946411,33.12531662,16.27397537,5.659999847,300.4776306,,,,
2020-07-17,83.9269104,32.90294266,15.57556343,5.639999866,301.3487244,,,,
2020-07-20,82.85317993,32.31279373,15.01109314,5.639999866,303.7840881,,,,
2020-07-21,81.0719223,32.77464676,16.65667152,5.670000076,304.4304199,,,,
2020-07-22,81.3216095,32.86016846,16.21657562,6.360000134,306.1631775,,,,
2020-07-23,81.59630585,32.97992325,16.09219742,6.119999886,302.5101929,,,,
2020-07-24,80.83052063,32.68912125,16.01565933,6.170000076,300.5619202,,,,
2020-07-27,80.87214661,32.32989883,15.9773941,6.130000114,302.7537231,,,,
2020-07-28,80.49760437,32.15028381,15.64253712,6.349999905,300.8335266,,,,
2020-07-29,80.74729919,33.08255386,16.29311562,6.079999924,304.5334778,,,,
2020-07-30,79.93991089,32.11607361,15.08763218,5.920000076,303.4468384,,,,
2020-07-31,78.9993515,32.37265015,15.05893135,5.949999809,305.8447571,,,,
2020-08-03,79.85668182,32.29473114,14.59013176,6.25,307.9710083,,,,
2020-08-04,78.48327637,31.94841194,15.05893135,6.230000019,309.160614,,,,
2020-08-05,77.61762238,33.14322662,15.2502737,6.28000021,311.0808411,,,,
2020-08-06,77.05161285,32.01767349,14.78147793,6.199999809,313.1602478,,,,
2020-08-07,77.34294891,33.52419662,14.78147793,6.099999905,313.3850403,,,,
2020-08-10,76.89344788,34.44194794,15.7669096,5.96999979,314.3217163,,,,
2020-08-11,77.13484192,35.12593079,14.50402355,5.710000038,311.7271423,,,,
2020-08-12,79.49875641,34.66706467,14.27441216,5.619999886,316.0733032,,,,
2020-08-13,78.8079071,34.14757156,13.96826077,5.909999847,315.5019531,,,,
2020-08-14,79.13250732,34.29475784,14.00652981,6.010000229,315.511322,,,,
2020-08-17,80.19793701,33.66272354,13.30811501,5.940000057,316.5135498,,,,
2020-08-18,79.61529541,33.16921234,13.34638309,6.150000095,317.1973572,,,,
2020-08-19,79.98984528,33.07396698,13.22200966,6.099999905,315.8766174,,,,
2020-08-20,79.24069977,32.57180023,12.82018185,5.949999809,316.8601379,,,,
2020-08-21,78.95772552,32.27742386,12.59056664,5.960000038,317.9841614,,,,
2020-08-24,78.66640472,33.43759918,13.03066444,6.090000153,321.2063293,,,,
2020-08-25,78.2918396,33.47223282,12.92542267,6.170000076,322.3304138,,,,
2020-08-26,78.53323364,33.17786407,12.39922142,6.110000134,325.5619507,,,,
2020-08-27,78.4916153,33.82720947,12.47576046,6.03000021,326.2737427,,,,
2020-08-28,78.38339996,34.13025665,12.56186771,6.110000134,328.3813171,,,,
2020-08-31,79.71517944,33.2990799,12.18874073,6.079999924,327.1917114,,,,
2020-09-01,76.77692413,33.3337059,11.93998814,6.090000153,330.2734375,,,,
2020-09-02,78.20027924,33.61076355,11.863451,6.130000114,335.050415,,,,
2020-09-03,76.46896362,33.07396698,12.04523182,5.989999771,323.5198669,,,,
2020-09-04,76.46896362,33.89648819,11.71994209,5.989999771,320.8784485,,,,
2020-09-08,75.0955658,32.79691315,10.58143425,6.019999981,312.1111755,,,,
2020-09-09,76.26920319,33.14322662,10.5909996,6.090000153,318.2745056,,,,
2020-09-10,74.62112427,32.63240433,9.749081612,6.050000191,312.7481079,,,,
2020-09-11,74.66274261,33.09992981,9.77778244,5.909999847,312.9073181,,,,
2020-09-14,75.3203125,33.62809372,9.739474297,5.96999979,317.028656,,,,
2020-09-15,75.66990662,32.47655106,10.25661469,6.139999866,318.6304016,,,,
2020-09-16,74.72930908,32.58044815,11.14724541,6.28000021,317.3659058,,,,
2020-09-17,74.60448456,34.04367447,11.35793114,6.320000172,314.574646,,,,
2020-09-18,75.00400543,34.34670258,11.15681934,6.300000191,310.9530029,,,,
2020-09-21,74.15499878,32.40729904,10.8120575,6.03000021,307.4923096,,,,
2020-09-22,73.74713135,31.99170113,10.61095047,6.090000153,310.6239014,,,,
2020-09-23,72.53187561,31.24711037,9.969317436,6.300000191,303.420166,,,,
2020-09-24,71.50810242,30.95272636,10.18957615,6.21999979,304.2289734,,,,
2020-09-25,71.77444458,31.39429092,9.787359238,6.440000057,309.1474609,,,,
2020-09-28,72.6484375,32.25144577,9.902277946,6.510000229,314.2821655,,,,
2020-09-29,72.32380676,31.8358593,9.567091942,6.320000172,312.5705261,,,,
2020-09-30,72.90646362,32.18218613,9.586248398,6.980000019,314.9405212,,,,
2020-10-01,72.53187561,32.26010513,9.270216942,7.010000229,316.9624023,,,,
2020-10-02,71.68289185,32.58044815,9.452172279,6.710000038,313.9530029,,,,
2020-10-05,73.18945313,33.35103226,10.06508255,6.820000172,319.5203552,,,,
2020-10-06,71.49145508,33.22114563,9.701167107,6.829999924,314.9780579,,,,
2020-10-07,72.47364044,34.06098175,9.844817162,7.639999866,320.4607849,,,,
2020-10-08,72.69837189,34.50254822,10.70671654,7.789999962,323.3009033,,,,
2020-10-09,72.99801636,34.18220139,10.36195946,7.860000134,326.1879578,,,,
2020-10-12,73.51409149,34.92679596,10.35238075,7.960000038,331.4355774,,,,
2020-10-13,73.1062088,33.76661682,10.07465839,7.880000114,329.2726135,,,,
2020-10-14,72.61686707,33.74064636,10.00762177,7.78000021,327.2037048,,,,
2020-10-15,71.90818787,33.87917328,10.16084862,7.570000172,326.7993164,,,,
2020-10-16,72.78562164,34.00904083,9.66286087,7.579999924,326.6018066,,,,
2020-10-19,71.13198853,33.82720947,9.404291153,7.559999943,321.6362915,,,,
2020-10-20,71.08137512,34.06098175,9.643707275,7.610000134,322.9246826,,,,
2020-10-21,69.93392181,33.87917328,9.251063347,7.809999943,322.3133545,,,,
2020-10-22,71.13198853,35.16057587,9.739474297,7.71999979,324.0813904,,,,
2020-10-23,71.15729523,35.44628906,9.595822334,7.840000153,325.1817017,,,,
2020-10-26,70.80293274,34.0956192,9.059531212,7.639999866,319.1723938,,,,
2020-10-27,69.78205109,32.7016716,8.87757206,7.650000095,318.0720825,,,,
2020-10-28,67.90905762,31.68866348,8.504084587,7.159999847,307.2006836,,,,
2020-10-29,68.06092072,32.30340195,8.74350071,7.159999847,310.322998,,,,
2020-10-30,71.79850769,32.77092743,8.74350071,6.940000057,307.0878601,,,,
2020-11-02,74.45614624,33.91910172,9.241486549,7.079999924,310.5298462,,,,
2020-11-03,74.21146393,35.0322113,9.279792786,7.260000229,316.0125427,,,,
2020-11-04,79.72925568,34.18203735,9.394716263,7.25,323.0750732,,,,
2020-11-05,79.04584503,36.04890442,10.0267725,7.46999979,329.3760681,,,,
2020-11-06,78.33712006,35.47919846,9.586248398,7.360000134,329.3008728,,,,
2020-11-09,80.25233459,39.38822174,11.71226692,7.309999943,333.4387207,,,,
2020-11-10,83.4161911,40.34357071,11.85592079,7.320000172,332.949646,,,,
2020-11-11,82.80873108,39.88780594,11.39623642,7.429999828,335.4230957,,,,
2020-11-12,82.34468842,38.371521,10.83121586,7.400000095,332.1690979,,,,
2020-11-13,83.55961609,39.21292877,11.30047321,7.489999771,336.7678223,,,,
2020-11-16,82.98591614,40.34357071,12.16237068,7.420000076,340.9715576,,,,
2020-11-17,83.70302582,40.32603455,12.4400959,7.519999981,339.1377563,,,,
2020-11-18,83.2896347,40.06309891,12.32517338,7.559999943,335.0562744,,,,
2020-11-19,84.09114075,39.88780594,12.79443169,7.559999943,336.4668884,,,,
2020-11-20,85.07826233,40.20332718,12.91892624,7.570000172,334.1628723,,,,
2020-11-23,86.2088089,41.34272766,15.09283447,7.429999828,336.1659546,,,,
2020-11-24,87.71059418,42.65742493,16.06965256,7.619999886,341.5827942,,,,
2020-11-25,87.91307831,41.85984421,16.01219177,7.679999828,341.0561523,,,,
2020-11-27,88.49523163,41.5881424,15.85896969,7.650000095,342.006073,,,,
2020-11-30,88.23369598,40.46627045,15.09283447,7.590000153,340.4919739,,,,
2020-12-01,87.77810669,41.11486053,14.48950291,7.619999886,344.2160339,,,,
2020-12-02,88.57961273,41.81602097,15.21732712,7.599999905,344.9401855,,,,
2020-12-03,88.36869049,41.81602097,15.69616413,7.639999866,344.8461304,,,,
2020-12-04,90.51166534,42.48213577,17.80303383,7.730000019,347.8179321,,,,
2020-12-07,89.29675293,41.70207977,17.41996384,9.020000458,347.1031189,,,,
2020-12-08,90.85757446,41.64948654,18.32016945,11.28999996,348.1188049,,,,
2020-12-09,91.68440247,41.75467682,18.57887459,11.03999996,344.9965515,,,,
2020-12-10,90.68884277,41.67579269,20.41856003,12.43999958,344.8837585,,,,
2020-12-11,89.71859741,41.36026382,20.01612663,12.34000015,344.4793396,,,,
2020-12-14,87.91307831,40.1770401,18.36808014,12.11999989,342.9370728,,,,
2020-12-15,86.74878693,40.52762604,19.01004982,11.18000031,347.5733643,,,,
2020-12-16,88.28430176,40.59773636,18.63636971,11.72000027,348.1188049,,,,
2020-12-17,88.49523163,40.74674606,18.37766075,11.47999954,350.0654602,,,,
2020-12-18,88.12401581,40.01051331,17.7452774,12.47999954,348.6677246,,,,
2020-12-21,87.49967957,39.8439827,16.73919106,13.10999966,347.421051,,,,
2020-12-22,86.73191833,39.6248703,16.21220589,13.35999966,346.8355408,,,,
2020-12-23,87.1368866,40.43120956,17.14162064,15.06999969,347.1471863,,,,
2020-12-24,87.12001801,40.58897781,16.93082809,13.84000015,348.4977722,,,,
2020-12-28,87.28031921,40.5363884,16.67212105,13.19999981,351.4916077,,,,
2020-12-29,88.33493042,40.32603455,16.5188179,12.47999954,350.8210754,,,,
2020-12-30,88.81585693,40.66786194,17.16078568,12.68000031,351.3215637,,,,
2020-12-31,90.40200043,41.14990997,16.58588982,12.72999954,353.1066284,,,,
2021-01-04,88.93396759,40.38739014,16.72003365,12.23999977,348.2994385,,,,
2021-01-05,89.85359192,40.88698196,18.4064064,12.43000031,350.6982117,,,,
2021-01-06,89.07737732,43.32353973,19.16335869,13.18999958,352.7949219,,,,
2021-01-07,90.03074646,43.45501328,19.70951271,15.13000011,358.0365906,,,,
2021-01-08,90.5032196,43.3060112,19.24001312,14.14000034,360.0765686,,,,
2021-01-11,91.97969055,43.29724884,19.24001312,14.10000038,357.6493835,,,,
2021-01-12,92.62091827,43.99842072,21.67375755,14.09000015,357.7249146,,,,
2021-01-13,94.8735733,44.11235809,21.39588928,14.39999962,358.6882629,,,,
2021-01-14,95.28326416,45.19916916,23.2259922,13.56999969,357.4320679,,,,
2021-01-15,94.33583069,44.8222847,21.45338249,12.98999977,354.8255005,,,,
2021-01-19,95.75275421,45.68122101,22.10493279,13.96000004,357.6115417,,,,
2021-01-20,96.12831879,45.26928329,22.057024,13.89999962,362.5603943,,,,
2021-01-21,94.967453,44.76094055,20.6389389,13.26000023,362.8909912,,,,
2021-01-22,94.62604523,44.57688141,20.59102631,13.89999962,361.6065063,,,,
2021-01-25,94.3187561,44.3577652,20.61018944,13.77999973,363.0326233,,,,
2021-01-26,92.8677063,43.91953659,19.52745819,15.56000042,362.4659729,,,,
2021-01-27,87.73778534,42.42954636,19.71909714,14.27000046,353.6070862,,,,
2021-01-28,88.94983673,43.44624329,20.07361603,15.02000046,356.6481934,,,,
2021-01-29,87.47319794,42.20167542,19.2208519,14.52000046,349.5082397,,,,
2021-02-01,87.3195343,42.48213577,19.53704262,15.06999969,355.3260803,,,,
2021-02-02,88.31820679,42.88530731,19.86281967,15.22999954,360.3504028,,,,
2021-02-03,91.28859711,43.27094269,21.09885979,15.55000019,360.6337585,,,,
2021-02-04,92.63723755,45.91622162,21.36714363,16.73999977,364.7326355,,,,
2021-02-05,92.80794525,46.51781845,21.61627197,20.43000031,366.1681824,,,,
2021-02-08,91.19470978,47.93334579,24.38537407,21.35000038,368.8126526,,,,
2021-02-09,89.9655838,48.14568329,23.61883736,24.25,368.5670471,,,,
2021-02-10,88.81327057,48.62342453,24.52910042,24,368.4064941,,,,
2021-02-11,88.5572052,48.93306732,23.93503571,23.26000023,369.0014954,,,,
2021-02-12,89.14616394,49.25156021,24.32788277,22.95000076,370.8243408,,,,
2021-02-16,88.94130707,49.55236053,25.35312271,23.19000053,370.5031433,,,,
2021-02-17,90.72525787,49.02153397,25.61182594,22.61000061,370.5881042,,,,
2021-02-18,90.52892303,48.64995956,24.22248459,21.88999939,369.0109558,,,,
2021-02-19,89.63269043,49.60544205,24.35662842,22.62999916,368.3592834,,,,
2021-02-22,91.38249207,50.81748199,25.36270523,21.70000076,365.5259094,,,,
2021-02-23,90.70819092,50.80864334,24.96985626,21.29000092,365.9698486,,,,
2021-02-24,92.77381134,52.69306946,26.98200607,21.72999954,370.002594,,,,
2021-02-25,91.61296082,51.54294205,25.63099098,19.84000015,361.0870972,,,,
2021-02-26,91.96291351,50.95904541,25.49685097,19.85000038,359.2265015,,,,
2021-03-01,92.5348053,52.58690262,26.48376083,21.59000015,367.9342957,,,,
2021-03-02,92.0568161,52.16224289,26.65622902,25.69000053,365.0631409,,,,
2021-03-03,91.08374023,52.58690262,27.461092,22.76000023,360.2276611,,,,
2021-03-04,90.17897034,51.87028122,28.64922142,20.48999977,355.769928,,,,
2021-03-05,91.07522583,52.82577133,29.92358017,18.79999924,362.3149109,,,,
2021-03-08,90.57161713,53.40968323,28.52466202,17.10000038,360.5109863,,,,
2021-03-09,91.15203857,52.77269363,27.46073914,18.5,365.6582031,,,,
2021-03-10,92.18484497,53.50699615,28.14126587,18.79000092,367.9342957,,,,
2021-03-11,92.07389832,53.09117889,29.69401741,19.71999931,371.6647644,,,,
2021-03-12,92.37262726,54.04666519,29.3585453,20.48999977,372.1653442,,,,
2021-03-15,94.1138916,53.56008148,28.08375549,20.26000023,374.3847961,,,,
2021-03-16,94.60896301,52.4718895,27.00066185,19.37999916,373.9125977,,,,
2021-03-17,89.65831757,53.21504211,27.83455086,20.53000069,375.1875916,,,,
2021-03-18,88.57426453,54.63941574,25.5150032,18.87000084,369.7287598,,,,
2021-03-19,88.27553558,54.22360611,26.93356705,19.17000008,369.0446167,,,,
2021-03-22,90.39237213,53.17964935,26.3201313,19.36000061,371.9914246,,,,
2021-03-23,89.48760223,51.89683151,25.48624611,18.45000076,369.0635986,,,,
2021-03-24,87.96824646,51.79066467,25.93673706,17.37999916,367.1873779,,,,
2021-03-25,88.66815948,53.11772537,25.59167862,17.65999985,369.2530823,,,,
2021-03-26,90.46066284,53.80780029,26.60768127,17,375.2035217,,,,
2021-03-29,91.10082245,53.22389221,25.87922668,16.40999985,375.0140381,,,,
2021-03-30,91.15203857,54.35630798,26.19553185,17.26000023,374.0191345,,,,
2021-03-31,92.37262726,53.78125763,25.5150032,17.89999962,375.5351563,,,,
2021-04-01,92.62870789,54.4978714,26.24345589,18.38999939,379.5905762,,,,
2021-04-05,90.59721375,54.48017502,24.25938034,18.45999908,385.0389099,,,,
2021-04-06,89.94850922,54.19705582,24.29771996,18.70999908,384.811554,,,,
2021-04-07,89.80341339,54.65711594,24.24979591,18,385.256897,,,,
2021-04-08,90.5630722,54.24129868,23.70345497,18.20000076,387.0856018,,,,
2021-04-09,91.79222107,54.7809639,23.56926537,17.72999954,389.8997803,,,,
2021-04-12,92.39823151,55.43565369,23.22420502,17.64999962,390.0419617,,,,
2021-04-13,92.37262726,54.89598846,23.28172112,17.77000046,391.1978455,,,,
2021-04-14,91.49141693,55.4975853,24.48941422,16.94000053,389.8618469,,,,
2021-04-15,92.34672546,55.11715317,23.82806015,16.68000031,394.0499573,,,,
2021-04-16,93.22793579,55.79838181,23.36798096,15.84000015,395.3670654,,,,
2021-04-19,93.83270264,55.82491684,23.52134132,15.61999989,393.4245605,,,,
2021-04-20,94.19554138,54.10860062,22.2369709,15.09000015,390.5441284,,,,
2021-04-21,95.72473145,55.4268074,23.43507957,15.67000008,394.2394104,,,,
2021-04-22,95.07675934,54.76327515,23.09960556,15.84000015,390.6388245,,,,
2021-04-23,96.22579956,55.55066681,23.62677383,16.29999924,394.8742676,,,,
2021-04-26,96.23444366,55.55066681,23.86639786,16.40999985,395.6986389,,,,
2021-04-27,96.27764893,56.05494308,24.0485096,16.20000076,395.6134033,,,,
2021-04-28,96.70098877,56.3822937,25.0165863,16.55999947,395.4996338,,,,
2021-04-29,95.80247498,57.0015831,24.86322594,17.85000038,398.02005,,,,
2021-04-30,96.3294754,56.29381943,24.30730438,17.88999939,395.4049377,,,,
2021-05-03,99.07682037,56.81579208,25.05492592,17.62000084,396.2576904,,,,
2021-05-04,98.4029541,56.89541626,24.78654861,16.72999954,393.8130493,,,,
2021-05-05,100.0271454,57.86860275,25.92715263,16.64999962,393.9362183,,,,
2021-05-06,100.2863464,59.23104095,25.54375458,16.04000092,397.0820923,,,,
2021-05-07,100.0012283,59.41683197,26.25303841,17.15999985,399.9720459,,,,
2021-05-10,100.40728,59.229702,25.52458763,15.52000046,396.0113831,,,,
2021-05-11,99.25823975,57.67922974,23.5117588,15.26000023,392.4770508,,,,
2021-05-12,99.31872559,56.51193237,24.0772686,14.60000038,384.1388245,,,,
2021-05-13,100.7355804,57.5188446,22.72579384,14.10999966,388.7532654,,,,
2021-05-14,100.588707,58.72179031,24.05809784,14.69999981,394.7226563,,,,
2021-05-17,100.9861298,58.54357147,25.29454994,14.86999989,393.7182312,,,,
2021-05-18,101.2625961,58.26734161,24.79613495,15.13000011,390.3261719,,,,
2021-05-19,100.0876312,57.76834106,24.02934456,15.42000008,389.3027954,,,,
2021-05-20,101.1761932,57.43864059,23.91432381,16.13999939,393.4909363,,,,
2021-05-21,100.3209,57.66140366,24.0772686,16.20000076,393.1687317,,,,
2021-05-24,100.1394577,58.24953461,24.38398361,16.46999931,397.1767883,,,,
2021-05-25,98.97314453,57.04656982,23.59802246,16.34000015,396.2955322,,,,
2021-05-26,99.09409332,57.26934052,24.24021149,16.56999969,397.0820923,,,,
2021-05-27,97.0378952,58.50793457,24.98783112,16.59000015,397.2904358,,,,
2021-05-28,97.79817963,58.24060822,24.88239861,16.54000092,398.0011597,,,,
2021-06-01,96.94287872,59.26535034,27.28820419,16.37999916,397.6505737,,,,
2021-06-02,96.2430954,58.89109802,28.01666069,15.93000031,398.276001,,,,
2021-06-03,96.94287872,59.14060211,28.06458282,15.97000027,396.7978516,,,,
2021-06-04,97.07247162,59.30989075,27.93039703,16.75,400.4268494,,,,
2021-06-07,97.6340332,58.99803162,27.94956589,17.14999962,400.0384216,,,,
2021-06-08,97.05519867,58.84654617,27.97831726,17.22999954,400.1236572,,,,
2021-06-09,98.48933411,57.63467789,27.18250084,16.85000038,399.5267029,,,,
2021-06-10,100.4245682,56.9307251,27.16332626,16.59000015,401.3838501,,,,
2021-06-11,99.71613312,57.12677002,27.16332626,17.02000046,402.0471497,,,,
2021-06-14,99.69884491,56.41391373,27.11538696,17.01000023,402.9473572,,,,
2021-06-15,100.0703583,56.82380676,27.99750137,16.34000015,402.2081604,,,,
2021-06-16,99.81116486,56.77033997,29.2823143,16.54999924,399.9625244,,,,
2021-06-17,99.26689148,53.68721771,27.05785561,16.31999969,399.829834,,,,
2021-06-18,97.72907257,51.94963074,26.83732414,16.13999939,394.4360352,,,,
2021-06-21,99.12001801,53.17931366,28.2851429,16.44000053,400.0827942,,,,
2021-06-22,99.09409332,52.81396866,28.7741375,16.93000031,402.2216492,,,,
2021-06-23,98.48933411,52.79614639,29.68501472,19.46999931,401.7368774,,,,
2021-06-24,99.12865448,53.47336197,30.43289948,19.01000023,404.1134338,,,,
2021-06-25,97.60812378,54.37334824,31.5547123,18.65999985,405.5488892,,,,
2021-06-28,97.62538147,53.24168015,29.9534874,21.70000076,406.366394,,,,
2021-06-29,97.02064514,53.001091,30.01101875,22.13999939,406.5851135,,,,
2021-06-30,97.31438446,53.33079147,29.98225212,21.42000008,406.9272766,,,,
2021-07-01,98.71395874,53.91889572,31.50678253,21.06999969,409.1802979,,,,
2021-07-02,99.50013733,53.83869934,31.23830795,20.23999977,412.3078918,,,,
2021-07-06,99.98396301,52.48427582,29.25354767,20.23999977,411.5568542,,,,
2021-07-07,100.865181,52.43080139,28.26596642,19.23999977,413.0113831,,,,
2021-07-08,100.5195923,50.51499557,28.43855476,18.90999985,409.6461182,,,,
2021-07-09,100.7183151,52.44862747,28.99466896,19.28000069,414.0190125,,,,
2021-07-12,101.6254501,53.07238007,28.75496483,19.26000023,415.5019836,,,,
2021-07-13,101.8673553,52.28823853,28.8412571,18.62999916,414.0855713,,,,
2021-07-14,102.5225296,51.89616776,26.68391609,18.21999931,414.7034302,,,,
2021-07-15,102.3652954,52.25259399,26.10862541,17.71999931,413.2869873,,,,
2021-07-16,102.6448288,51.30805969,24.87174797,17.51000023,410.0453186,,,,
2021-07-19,100.8277969,49.77541351,23.79787254,17.54999924,403.9898376,,,,
2021-07-20,101.3781357,51.41498566,24.32522392,18.17000008,409.7792053,,,,
2021-07-21,102.1993103,52.5644722,26.0606842,18.53000069,413.0968933,,,,
2021-07-22,102.6797638,51.51301193,25.897686,18.37000084,413.9620361,,,,
2021-07-23,103.2475967,51.35260391,25.48539352,18.79999924,418.2208252,,,,
2021-07-26,102.8981781,51.72685623,26.00315475,18.87999916,419.247467,,,,
2021-07-27,103.0466766,51.45062256,25.1785717,18.45000076,417.336731,,,,
2021-07-28,103.5620956,51.36151123,25.79221535,19,417.1655884,,,,
2021-07-29,103.841629,51.88724899,25.67715836,19.28000069,418.8957214,,,,
2021-07-30,101.5965424,51.41498566,25.02515984,19.02000046,416.8614502,,,,
2021-08-02,100.8540115,51.53082657,24.72793007,18.59000015,415.9868469,,,,
2021-08-03,101.5528488,51.94071579,25.34157181,19.56999969,419.3710938,,,,
2021-08-04,100.530777,50.90707016,24.63204575,18.69000053,417.3081665,,,,
2021-08-05,100.5657349,52.43080139,25.11145401,18.97999954,419.9509888,,,,
2021-08-06,99.9804306,54.09711075,25.30321693,19.13999939,420.6448669,,,,
2021-08-09,99.63972473,54.30369568,24.55533981,19.87000084,420.3027344,,,,
2021-08-10,100.3036499,55.4443779,25.1785717,19.19000053,420.825531,,,,
2021-08-11,99.34272003,56.22579575,25.73468971,19,421.8712463,,,,
2021-08-12,101.019989,56.28866577,25.76344872,18.76000023,423.1355591,,,,
2021-08-13,101.7537842,56.12699127,24.72793007,18.20000076,423.9056702,,,,
2021-08-16,103.4397736,55.66892242,23.76910782,17.92000008,424.9037781,,,,
2021-08-17,104.5317459,55.21085739,23.08834648,17.61000061,422.1184387,,,,
2021-08-18,102.4613876,54.76176071,22.48429489,17.56999969,417.4983521,,,,
2021-08-19,103.0204697,54.14202118,21.18029976,17.36000061,418.1447754,,,,
2021-08-20,103.7979431,54.34860992,21.04606438,18,421.4719849,,,,
2021-08-23,104.2696686,54.94139481,22.50346947,19.12000084,425.1794739,,,,
2021-08-24,104.5492172,55.40845871,23.37598991,19.40999985,425.8543396,,,,
2021-08-25,105.1781845,56.10902405,23.61569977,19.47999954,426.7479248,,,,
2021-08-26,105.1781845,55.49826813,23.01164436,19.75,424.2287292,,,,
2021-08-27,104.4618607,56.37848282,24.60328293,20.87999916,428.0218506,,,,
2021-08-30,105.3266983,55.57012939,24.21016884,20.94000053,429.9040833,,,,
2021-08-31,105.5101471,55.68688583,24.63204575,21.09000015,429.2672119,,,,
2021-09-01,98.07605743,55.06715012,24.04716873,21.44000053,429.4953003,,,,
2021-09-02,97.85762787,55.38151169,25.48539352,21.30999947,430.8166809,,,,
2021-09-03,97.50823212,54.98631287,24.85256958,21.72999954,430.7120972,,,,
2021-09-07,95.24565887,54.68093491,24.60328293,20.54999924,429.1720886,,,,
2021-09-08,96.40752411,54.77074432,23.88416862,20.54000092,428.6492615,,,,
2021-09-09,93.70817566,54.81565857,24.04723358,20.45000076,426.8144531,,,,
2021-09-10,93.19276428,54.58213425,23.96090126,19.87000084,423.4493103,,,,
2021-09-13,93.89162445,55.49826813,25.56277275,19.22999954,424.532959,,,,
2021-09-14,93.01805115,54.59111404,25.20786858,18.96999931,422.2420349,,,,
2021-09-15,94.14495087,55.74975586,26.74259377,19.13999939,425.7688293,,,,
2021-09-16,94.41576385,55.88447952,26.21503448,19.09000015,425.0938721,,,,
2021-09-17,94.11003876,55.4353981,25.84094429,18.93000031,420.9530334,,,,
2021-09-20,92.94817352,53.27079773,24.44050217,18,413.9339905,,,,
2021-09-21,93.60335541,52.51633072,24.39254379,18.14999962,413.5429688,,,,
2021-09-22,92.95690155,53.39654541,25.65869331,18.46999931,417.5770874,,,,
2021-09-23,93.7868042,55.02223587,26.81933212,19.04000092,422.6505127,,,,
2021-09-24,93.53346252,55.11205292,26.9536171,18.92000008,423.3468018,,,,
2021-09-27,94.10129547,57.13294601,28.95835114,18.54000092,422.1355591,,,,
2021-09-28,93.76932526,56.39645004,28.6801815,17.78000069,413.6288147,,,,
2021-09-29,95.0796814,56.20782852,28.80488014,17.15999985,414.3250122,,,,
2021-09-30,94.23233032,55.4443779,28.37324142,17.32999992,409.2609863,,,,
2021-10-01,95.29808044,56.15394211,29.87918663,17.97999954,414.1246948,,,,
2021-10-04,94.98360443,56.019207,30.51226044,19,408.7840881,,,,
2021-10-05,95.66497803,57.72574615,31.43309593,20,413.0375366,,,,
2021-10-06,95.49900818,57.465271,30.6945076,20.67000008,414.7540894,,,,
2021-10-07,96.85305023,57.97724152,31.15493011,21.43000031,418.3399963,,,,
2021-10-08,97.12384033,58.37243271,32.25800705,21.36000061,417.5770874,,,,
2021-10-11,96.39004517,58.48919678,32.02780914,21.34000015,414.5538025,,,,
2021-10-12,94.84381104,58.18381119,31.6633091,21.54999924,413.5334473,,,,
2021-10-13,94.80887604,57.61796951,30.96308517,21.39999962,415.0211182,,,,
2021-10-14,96.29428101,58.84846878,30.68492126,22.76000023,422.0020142,,,,
2021-10-15,96.66561127,58.89337158,30.3683815,22.27000046,425.2159729,,,,
2021-10-18,94.98570251,58.56105042,31.58656883,22.89999962,426.4747925,,,,
2021-10-19,95.00339508,59.00114822,31.59615898,22.97999954,429.7650452,,,,
2021-10-20,95.85219574,59.81850052,31.99901962,21.95999908,431.4530334,,,,
2021-10-21,96.16164398,59.10892868,31.46187592,22.71999931,432.5783691,,,,
2021-10-22,96.49761963,59.16283035,32.54577637,20.84000015,432.130127,,,,
2021-10-25,95.9317627,58.95625305,33.78314972,22.13999939,434.4475403,,,,
2021-10-26,96.80709076,58.79457092,33.91743469,29.07999992,434.8385925,,,,
2021-10-27,95.84335327,57.74372101,31.94147491,27.26000023,432.9121704,,,,
2021-10-28,96.96623993,58.62391281,32.4498558,27.65999985,437.0892639,,,,
2021-10-29,101.3870621,56.40542984,32.16209793,28.42000008,437.9761963,,,,
2021-11-01,101.5108337,57.61796951,33.38986969,29.77000046,438.7295532,,,,
2021-11-02,103.031601,57.20480728,32.95823288,28.60000038,440.503418,,,,
2021-11-03,103.9511337,58.63290024,32.46902847,28.63999939,443.1927795,,,,
2021-11-04,103.500206,57.4024086,32.37311554,28.75,445.281311,,,,
2021-11-05,103.606308,57.47425842,32.05657959,28.63999939,446.8263245,,,,
2021-11-08,102.6160355,57.68240356,32.89109039,29.26000023,447.2077026,,,,
2021-11-09,102.2181778,56.98557663,32.36352921,29.31999969,445.7295837,,,,
2021-11-10,103.2261124,57.32946014,30.52185631,28.82999992,442.1437073,,,,
2021-11-11,103.1200333,57.58285141,30.80961609,29.77000046,442.2867432,,,,
2021-11-12,103.4206314,58.08963776,30.77124786,30,445.6246033,,,,
2021-11-15,103.3056946,58.05343628,30.6753273,29.96999931,445.7772217,,,,
2021-11-16,102.9343414,57.38375854,30.54104042,27.68000031,447.5415344,,,,
2021-11-17,103.7566223,57.13037109,29.50509453,26.97999954,446.4543762,,,,
2021-11-18,103.5090561,56.70503616,29.38999557,25.92000008,447.9706726,,,,
2021-11-19,102.7751999,55.33854294,27.93200874,25.68000031,447.1696167,,,,
2021-11-22,102.2535324,56.56929779,28.78569221,25.13999939,445.9107666,,,,
2021-11-23,105.1093826,57.33851242,30.61777687,25.15999985,446.5020142,,,,
2021-11-24,104.9148712,56.67788696,30.70409966,25.19000053,447.6940918,,,,
2021-11-26,103.013916,54.38833237,28.48834801,24.5,437.7091675,,,,
2021-11-29,103.3499146,54.19829178,28.83366013,25.17000008,443.0783386,,,,
2021-11-30,101.9263992,53.085186,28.4403801,24.14999962,434.4570923,,,,
2021-12-01,102.483429,51.6824913,27.76894188,23.61000061,429.6315308,,,,
2021-12-02,103.332222,53.69151306,28.4403801,23.59000015,436.2119141,,,,
2021-12-03,105.0828552,53.77295303,27.97037125,22.87000084,432.4161682,,,,
2021-12-06,107.2932739,53.99919128,28.62262917,22.97999954,437.5374756,,,,
2021-12-07,107.4347458,54.77746201,29.85041237,24.31999969,446.5878601,,,,
2021-12-08,107.7530365,54.85890961,29.51469231,24.45999908,447.7703857,,,,
2021-12-09,109.7689514,55.09420395,29.01573944,22.45999908,444.7472534,,,,
2021-12-10,110.9360352,54.8679657,29.52428436,22.54000092,448.9338989,,,,
2021-12-13,111.8555679,54.18019104,28.04663086,22.02000046,444.9570923,,,,
2021-12-14,112.5452042,55.02180862,27.57646561,21.87999916,441.8957825,,,,
2021-12-15,115.1446381,55.03989792,27.36537361,22.31999969,448.8004456,,,,
2021-12-16,116.5151062,55.55574036,27.23104477,21.54999924,444.8426514,,,,
2021-12-17,114.5257339,54.52407837,26.90480995,22.04000092,440.1082458,,,,
2021-12-20,115.7016754,53.02183533,25.88772202,21.88999939,435.4284363,,,,
2021-12-21,114.8970871,54.58742142,27.44213486,22.71999931,443.1611023,,,,
2021-12-22,116.7538452,55.09420395,27.74918175,23.54000092,447.5921021,,,,
2021-12-23,117.6733551,55.90866852,27.68201637,23.89999962,450.3771362,,,,
2021-12-27,118.8404541,56.55119324,28.44003105,24.77000046,456.750946,,,,
2021-12-28,118.8227692,56.65979385,28.28650856,23.88999939,456.3777466,,,,
2021-12-29,119.6803894,56.72313309,28.07541847,23.31999969,456.9615173,,,,
2021-12-30,120.1843796,56.63264465,27.79715538,23.95000076,455.6981812,,,,
2021-12-31,119.7157822,56.55119324,27.81634712,24.04999924,454.5497742,,,,
2022-01-03,119.7334595,57.22087097,29.80254364,23.98999977,457.1815796,,,,
2022-01-04,119.5035782,58.76835632,32.02861786,23.53000069,457.0284729,,,,
2022-01-05,120.1313324,58.48781586,30.52218056,21.81999969,448.252533,,,,
2022-01-06,119.5654678,60.13484192,31.43371773,21.97999954,447.8314819,,,,
2022-01-07,119.2560196,60.86786652,31.8655014,21.48999977,446.0609436,,,,
2022-01-10,120.5911026,61.08506012,31.06910706,21.07999992,445.5059204,,,,
2022-01-11,121.1039276,61.53754807,33.29517746,21.27000046,449.5636902,,,,
2022-01-12,121.3868332,61.19366837,33.34315491,21.02000046,450.7790527,,,,
2022-01-13,119.2785873,61.43799591,32.76744461,20.80999947,444.5679321,,,,
2022-01-14,121.3779144,61.87238693,34.07237244,20.76000023,444.7497864,,,,
2022-01-18,122.190834,61.70949173,34.57133484,20.03000069,436.8734436,,,,
2022-01-19,120.7883224,60.41539764,34.37943649,19.53000069,432.3372192,,,,
2022-01-20,118.8408279,60.14390182,33.53505707,19.37000084,427.5520325,,,,
2022-01-21,117.9028244,59.37468338,32.38364029,18.65999985,419.158905,,,,
2022-01-24,118.0636368,59.19369888,32.63311386,18.45999908,420.9389954,,,,
2022-01-25,118.8944321,59.21179199,35.28137207,18.34000015,415.7998047,,,,
2022-01-26,119.9128494,59.78192139,35.55963898,18.53000069,414.7566223,,,,
2022-01-27,121.4672699,59.10318756,35.75153732,17.69000053,412.7085266,,,,
2022-01-28,123.2092438,59.78192139,36.04899216,18.32999992,422.958313,,,,
2022-01-31,122.2891235,60.68688202,36.14493942,20.5,430.5762329,,,,
2022-02-01,122.3873825,61.61898422,37.69935989,21.62999916,433.4856567,,,,
2022-02-02,123.8345871,62.0171814,38.01599503,20.90999985,437.6965332,,,,
2022-02-03,125.7195206,61.29320908,38.38061523,19.29999924,427.4084167,,,,
2022-02-04,125.6480637,62.43344498,39.14822006,21.07999992,429.4182739,,,,
2022-02-07,127.3275375,62.76152802,39.34012985,21.36000061,428.0401611,,,,
2022-02-08,128.2030182,64.09201813,37.75691986,21.93000031,431.5619812,,,,
2022-02-09,127.9260941,64.17404938,38.66847229,22.70000076,437.8783569,,,,
2022-02-10,127.4883423,64.24694824,39.03308487,23.39999962,430.0115967,,,,
2022-02-11,126.8629837,64.72994232,41.23996353,22.87000084,421.5323792,,,,
2022-02-14,127.747406,63.90979004,39.5608139,22.12000084,420.1542053,,,,
2022-02-15,129.3196869,65.22205353,38.23668289,23.44000053,426.9299927,,,,
2022-02-16,130.3113251,65.18560028,38.04478455,22.79000092,427.4084167,,,,
2022-02-17,129.5072937,63.61815262,38.2462883,22.29000092,418.2784119,,,,
2022-02-18,128.667572,63.38122559,37.95842743,21.76000023,415.5700684,,,,
2022-02-22,130.0343628,62.84355164,36.76862335,21.39999962,411.1102905,,,,
2022-02-23,131.1063538,62.01426315,37.12364578,20.57999992,403.8177795,,,,
2022-02-24,129.7752991,60.34657288,37.34432602,21.79999924,409.8948975,,,,
2022-02-25,133.5898285,62.47901535,37.17162323,22.56999969,418.9387817,,,,
2022-02-28,132.0086517,61.55861282,41.95959854,22.87000084,417.8669434,,,,
2022-03-01,131.9371643,58.72446442,44.89571381,22.55999947,411.5026855,,,,
2022-03-02,133.6166534,60.51972198,46.41175461,22.63999939,419.0727539,,,,
2022-03-03,134.3670502,60.65641785,45.81685257,21.47999954,416.9864502,,,,
2022-03-04,134.5010223,58.30525208,53.87678146,20.34000015,413.5986328,,,,
2022-03-07,133.5094299,56.47353363,53.13795471,19.71999931,401.4060669,,,,
2022-03-08,131.4547729,56.46441269,52.389534,20.56999969,398.3627319,,,,
2022-03-09,132.9645233,58.72446442,55.3038063,21.85000038,409.0431519,,,,
2022-03-10,133.2593231,58.57863998,55.90974426,21.45000076,407.1960754,,,,
2022-03-11,133.1610413,58.5057373,55.73662186,20.25,402.0185547,,,,
2022-03-14,135.8768311,58.95228577,53.46676254,19.18000031,399.0804443,,,,
2022-03-15,139.2536316,59.52640152,52.44723892,20.39999962,407.8564758,,,,
2022-03-16,139.4055023,61.53127289,50.96606445,21.15999985,416.9003296,,,,
2022-03-17,141.6745758,62.12361908,55.79432297,21.5,422.1161499,,,,
2022-03-18,142.2194977,62.37878036,54.0919342,21.69000053,426.739502,,,,
2022-03-21,142.9788361,62.67040253,58.63165283,21.69000053,426.6147156,,,,
2022-03-22,142.9430847,64.08292389,57.36206436,21.98999977,431.6066895,,,,
2022-03-23,141.5226898,63.26274872,57.55442429,21.87999916,426.0482788,,,,
2022-03-24,143.1842804,63.96445465,55.54425812,22.26000023,432.4706726,,,,
2022-03-25,144.1222992,64.9668808,56.46759033,22.29999924,434.5826721,,,,
2022-03-28,144.6940613,64.95776367,54.47665405,22.68000031,437.6738586,,,,
2022-03-29,144.8816376,65.16737366,54.6209259,23.68000031,443.0882568,,,,
2022-03-30,146.2841797,65.27672577,55.28456879,22.87999916,440.3522949,,,,
2022-03-31,144.8191223,64.04646301,54.57283401,22.48999977,433.574646,,,,
2022-04-01,145.3283234,64.24694824,55.89050674,22.87999916,434.8034973,,,,
2022-04-04,144.6225891,63.46324158,55.58272552,26.51000023,438.5282898,,,,
2022-04-05,145.9983063,63.80042267,53.59178925,25.87999916,432.9890747,,,,
2022-04-06,150.8938293,63.85509491,53.95728302,25.30999947,428.6594849,,,,
2022-04-07,154.797699,63.38122559,55.47692871,25.82999992,430.8194275,,,,
2022-04-08,156.2985077,64.34719849,59.43956375,25.53000069,429.6674805,,,,
2022-04-11,151.715683,64.31986237,55.70775986,25.29999924,422.3234863,,,,
2022-04-12,149.4644775,63.93711472,56.88116455,24.68000031,420.7586975,,,,
2022-04-13,143.2029724,64.20137787,57.34283447,24.80999947,425.5778503,,,,
2022-04-14,146.2301025,64.37454224,57.07352448,24.18000031,420.2786255,,,,
2022-04-18,143.572403,64.91221619,59.02598953,23.93000031,420.4514771,,,,
2022-04-19,140.8605804,65.46809387,58.07380295,24.25,427.2387085,,,,
2022-04-20,141.1758881,66.01488495,59.12217331,23.85000038,426.921875,,,,
2022-04-21,142.8155975,65.23114777,56.93887329,22.60000038,420.5378418,,,,
2022-04-22,139.6353149,63.39032364,54.45742035,22.45000076,408.9986877,,,,
2022-04-25,140.8155365,62.95290756,52.82234955,23.02000046,411.369873,,,,
2022-04-26,140.707428,60.80221939,52.72616959,22.34000015,399.4562683,,,,
2022-04-27,142.004776,60.96627045,53.46676254,22.62999916,400.5794678,,,,
2022-04-28,140.8245392,61.75909042,54.85175323,22.43000031,410.6978149,,,,
2022-04-29,132.3287659,59.85446167,52.98585892,21.07999992,395.5202637,,,,
2022-05-02,133.2206573,60.27365875,56.07324982,21.31999969,397.9010925,,,,
2022-05-03,134.7792969,60.72932053,56.97734451,21.44000053,399.7250366,,,,
2022-05-04,136.572113,62.25119781,59.21834946,21.59000015,411.8978577,,,,
2022-05-05,137.103714,61.51304245,59.91085815,20.25,397.257843,,,,
2022-05-06,137.6893005,61.54949188,62.45965576,19.87999916,394.8865967,,,,
2022-05-09,136.0045624,60.26415634,55.63082123,18.37999916,382.2434387,,,,
2022-05-10,137.0226288,59.5021286,57.14085388,18.88999939,383.1266174,,,,
2022-05-11,136.9055023,58.8686409,57.80449295,18.11000061,377.0402527,,,,
2022-05-12,139.0046539,57.75773621,56.95811462,18.25,376.6465759,,,,
2022-05-13,138.292923,58.22597122,61.63248444,19.42000008,385.6514893,,,,
2022-05-16,140.0677643,58.40958405,65.13346863,18.69000053,384.0866699,,,,
2022-05-17,139.4461212,59.66738892,65.34506226,19.70999908,391.9874573,,,,
2022-05-18,137.3289185,58.13415527,61.84408569,19.36000061,376.1858215,,,,
2022-05-19,136.68927,57.28031921,61.51706314,19.55999947,373.8818665,,,,
2022-05-20,136.0496063,56.96817017,60.84379959,19.39999962,374.0450134,,,,
2022-05-23,133.3648376,58.71256256,62.92129517,19.75,381.0434265,,,,
2022-05-24,134.3378296,58.64829636,62.58467484,17.87999916,378.1346436,,,,
2022-05-25,136.9055023,59.30932617,63.85425186,18.13999939,381.4753723,,,,
2022-05-26,135.653183,61.43014145,66.03755188,18.70000076,389.0978394,,,,
2022-05-27,135.1396637,62.17379761,68.15351868,19.65999985,398.6498718,,,,
2022-05-31,132.7701874,61.87083054,66.66271973,19.63999939,396.4130554,,,,
2022-06-01,131.5539703,61.20062637,67.73033142,20.20999908,393.2066345,,,,
2022-06-02,132.2116394,61.54031372,66.65310669,20.79000092,400.6946716,,,,
2022-06-03,132.5900421,60.76910782,67.6053009,20.30999947,394.1186523,,,,
2022-06-06,132.013443,61.40259552,66.95126343,20.27000046,395.318634,,,,
2022-06-07,134.3648529,62.14626694,67.8553772,20.56999969,399.1105957,,,,
2022-06-08,134.4639893,61.73311234,66.39341736,20.17000008,394.7714539,,,,
2022-06-09,131.0223846,60.60385513,62.8087616,19.79999924,385.3826904,,,,
2022-06-10,129.0133362,58.27187729,61.54641724,18.92000008,374.2082214,,,,
2022-06-13,125.607811,56.04089355,57.65339279,17.14999962,360.0002441,,,,
2022-06-14,123.986145,56.79372787,59.83116913,17.80999947,358.9154053,,,,
2022-06-15,124.4095612,57.20687485,58.08701324,18.5,364.0322266,,,,
2022-06-16,125.3645782,56.27041245,54.74325943,17.32999992,351.9842224,,,,
2022-06-17,124.5807648,55.8848114,53.65436554,17.81999969,352.743042,,,,
2022-06-21,129.2565918,57.40885544,55.76468658,18.36000061,361.6228333,,,,
2022-06-22,132.941391,56.69273758,53.74108887,18.34000015,360.9671936,,,,
2022-06-23,134.6441345,56.30714417,54.04944611,18.56999969,364.5056763,,,,
2022-06-24,137.247818,58.96045303,55.42742538,18.63999939,376.0946655,,,,
2022-06-27,137.9685822,58.37286377,56.75722504,18.72999954,374.6580811,,,,
2022-06-28,137.3829803,58.51976395,59.46498489,18.42000008,367.0027466,,,,
2022-06-29,138.8695221,57.77610016,56.94994354,19.27000046,366.7038879,,,,
2022-06-30,137.9866028,57.64756775,56.73795319,18.18000031,363.7247009,,,,
2022-07-01,138.5632019,58.46467209,58.24119949,18.31999969,367.5715942,,,,
2022-07-05,138.6803131,57.23441696,56.95958328,18.70999908,368.2657471,,,,
2022-07-06,137.4190216,56.85800171,56.95958328,18.20999908,369.5095215,,,,
2022-07-07,136.9415283,57.86790466,59.23371887,18.67000008,375.0437012,,,,
2022-07-08,137.7073212,57.50066757,58.46282196,18.5,374.7352295,,,,
2022-07-11,138.0496674,57.02325821,57.35466766,18.17000008,370.4544373,,,,
2022-07-12,137.3559723,56.72946167,55.28288269,18.10000038,367.1763306,,,,
2022-07-13,137.0766754,55.0401535,55.89959717,18.15999985,365.2479553,,,,
2022-07-14,136.8038635,53.1672287,55.14797211,18.12999916,364.3609619,,,,
2022-07-15,139.6956177,54.19549942,56.57413483,17.69000053,371.3221436,,,,
2022-07-18,136.0127106,54.25977325,57.86538315,17.96999931,368.2561646,,,,
2022-07-19,136.1672974,55.82053757,60.53461456,18.75,378.2061462,,,,
2022-07-20,134.3031006,56.26123428,61.23804855,19.72999954,380.6165161,,,,
2022-07-21,134.3576965,56.10515213,59.74444962,20.35000038,384.4924011,,,,
2022-07-22,135.0124207,55.86645126,58.83863831,19.07999992,380.9250793,,,,
2022-07-25,136.6037903,56.58256912,62.06676865,18.88999939,381.3878174,,,,
2022-07-26,137.19487,56.23368835,59.81189346,18.21999931,376.8756409,,,,
2022-07-27,137.4494934,57.15179062,60.49606705,19.36000061,386.6617126,,,,
2022-07-28,136.1764069,56.7845459,60.36115265,19.23999977,391.5113831,,,,
2022-07-29,130.5020294,58.06989288,63.35801697,18.72999954,397.2191467,,,,
2022-08-01,127.5102158,57.73937225,62.85694122,18.96999931,396.0429077,,,,
2022-08-02,127.6648407,56.93144226,62.69311905,19.46999931,393.4300232,,,,
2022-08-03,128.4013977,58.39122772,58.77118683,21.44000053,399.5909424,,,,
2022-08-04,126.328064,58.57483673,55.36961365,20.95999908,399.3210449,,,,
2022-08-05,125.5278091,58.11579514,56.86321259,20.65999985,398.6460876,,,,
2022-08-08,127.6193237,58.2453537,57.85575104,20.96999931,398.1832581,,,,
2022-08-09,127.5375214,59.13375092,60.13952637,20.39999962,396.6020813,,,,
2022-08-10,128.1649475,61.0123291,60.57315826,21.87000084,404.9323425,,,,
2022-08-11,129.2015991,61.71564102,63.30020523,21.51000023,404.9323425,,,,
2022-08-12,129.6744995,62.75209427,63.33875275,21.87000084,411.787384,,,,
2022-08-15,129.3925629,62.31715393,61.99930573,22.21999931,413.4842834,,,,
2022-08-16,129.6290131,62.61330795,61.19950485,21.72999954,414.2941895,,,,
2022-08-17,128.6196136,62.43747711,60.67915344,21.67000008,411.3535461,,,,
2022-08-18,128.4832153,62.93719482,62.51966476,21.40999985,412.5490723,,,,
2022-08-19,128.9924774,62.36343002,68.6964798,20.72999954,407.005249,,,,
2022-08-22,127.6193237,60.99382401,66.51869202,20.28000069,398.5303955,,,,
2022-08-23,126.4189987,60.7717247,71.10552979,20.27000046,397.5662537,,,,
2022-08-24,125.4096146,61.11413193,72.18478394,20.59000015,398.8388672,,,,
2022-08-25,126.7008972,62.25237274,71.77043152,21.40999985,404.4695129,,,,
2022-08-26,123.9910049,60.78097534,70.87425232,20.42000008,390.7786255,,,,
2022-08-29,123.4090042,60.5496254,72.52204132,20.36000061,388.1947327,,,,
2022-08-30,123.2635269,60.13319397,69.39028168,20.29000092,383.9331665,,,,
2022-08-31,122.2723236,59.53167343,68.41703033,20.45000076,381.0118408,,,,
2022-09-01,125.9006653,60.00362778,65.91161346,20.23999977,382.2073975,,,,
2022-09-02,123.92733,60.2072258,66.26815796,20.29999924,378.1771545,,,,
2022-09-06,125.1185989,60.19797516,64.44691467,20.25,376.7502747,,,,
2022-09-07,126.137085,61.23442078,63.04967117,21.38999939,383.5186462,,,,
2022-09-08,127.7830353,61.83594894,62.25949097,21.23999977,386.0253601,,,,
2022-09-09,128.6014557,62.5947876,63.35058212,21.90999985,392.0223694,,,,
2022-09-12,129.3471375,63.40914154,64.49959564,22.71999931,396.2357178,,,,
2022-09-13,125.9734039,61.51206207,63.0898819,21.75,379.0063782,,,,
2022-09-14,126.9009399,61.45653152,64.88582611,22.30999947,380.4526062,,,,
2022-09-15,129.5926514,60.79022217,62.84848404,22.28000069,376.1331787,,,,
2022-09-16,131.0021667,60.2257309,62.19190979,21.31999969,373.2637329,,,,
2022-09-19,129.7290497,61.33623123,62.45260239,21.45999908,376.1583862,,,,
2022-09-20,128.919754,60.6051445,62.06637955,21.29000092,371.8406372,,,,
2022-09-21,127.592041,59.70749664,60.52147675,20.95999908,365.3543396,,,,
2022-09-22,130.0473328,58.73582458,59.74902725,20.65999985,362.2853699,,,,
2022-09-23,130.0927734,57.24590683,56.70750809,19.78000069,356.2153625,,,,
2022-09-26,128.4105072,56.32049561,55.8867836,18.84000015,352.6914978,,,,
2022-09-27,128.8742523,56.22795486,56.51439285,19.28000069,351.7911682,,,,
2022-09-28,131.4932251,57.24590683,59.29521179,20.02000046,358.7131042,,,,
2022-09-29,129.7836151,56.51483154,59.9711113,19.86000061,351.2199097,,,,
2022-09-30,122.0449829,56.24647141,59.33383942,19.29000092,345.7888489,,,,
2022-10-03,125.7824402,57.94921494,61.8539505,20.19000053,354.9180908,,,,
2022-10-04,129.1197968,60.57738113,63.89128876,20.95999908,365.915802,,,,
2022-10-05,130.3383179,60.39230347,65.40722656,20.36000061,365.0639038,,,,
2022-10-06,127.5738754,59.73526764,68.0721817,23.01000023,361.2979126,,,,
2022-10-07,126.1825562,58.53223038,67.39628601,21.88999939,351.2199097,,,,
2022-10-10,125.7733383,58.66178894,63.36987686,21.87000084,348.538269,,,,
2022-10-11,128.6832886,58.59700394,61.8249855,22.10000038,346.3309631,,,,
2022-10-12,127.2919693,57.91220856,62.86779404,22.69000053,345.1886292,,,,
2022-10-13,131.2879333,60.373806,65.65828705,22.79000092,354.2985229,,,,
2022-10-14,131.3063354,60.26275253,64.3837204,22.35000038,346.2244873,,,,
2022-10-17,132.656662,61.32696915,65.04030609,22.71999931,355.1213989,,,,
2022-10-18,132.8312225,62.35417175,65.44583893,23.37999916,359.2939453,,,,
2022-10-19,131.4808502,62.31715393,66.10243225,22.87000084,356.7478638,,,,
2022-10-20,131.2971039,61.09561539,66.47900391,23.29000092,353.7564392,,,,
2022-10-21,135.0909729,62.98344803,68.80599976,23.45000076,362.3531799,,,,
2022-10-24,138.6092529,64.20498657,68.39081573,23.65999985,366.7870789,,,,
2022-10-25,137.6263733,65.63938141,68.64185333,23.69000053,372.6442261,,,,
2022-10-26,140.0974121,65.56536102,70.02259827,23.20000076,369.8366089,,,,
2022-10-27,141.0068512,65.8429718,69.3950119,23.01000023,367.8617859,,,,
2022-10-28,135.5961914,67.68453979,69.3660202,23.5,376.6134033,,,,
2022-10-31,134.4846954,67.74932098,70.09985352,22.77000046,373.8930054,,,,
2022-11-01,134.953186,68.42486572,71.25854492,22.62999916,372.2569275,,,,
2022-11-02,132.7577057,68.08247375,68.65151215,22.06999969,362.9146729,,,,
2022-11-03,132.6658173,67.65678406,69.67501831,21.93000031,359.1777954,,,,
2022-11-04,133.4558563,68.58219147,70.74678802,21.87000084,364.3474731,,,,
2022-11-07,136.0463257,68.88032532,73.35381317,22.19000053,367.8327026,,,,
2022-11-08,136.4413452,68.39585876,72.25307465,22.22999954,369.8173218,,,,
2022-11-09,135.6053925,67.79955292,65.59068298,22.96999931,362.1982727,,,,
2022-11-10,137.5344849,69.61637878,68.05286407,24.62999916,382.1026306,,,,
2022-11-11,137.9386902,69.40206909,71.77027893,25.29000092,385.8007507,,,,
2022-11-14,139.3900757,68.74989319,70.75644684,25.23999977,382.5188904,,,,
2022-11-15,140.5843048,69.20642853,71.86683655,26,385.7814331,,,,
2022-11-16,139.509491,69.28096008,69.45293427,26,382.8383179,,,,
2022-11-17,139.7759094,69.77476501,68.99912262,25.73999977,381.6669312,,,,
2022-11-18,142.366394,70.3431015,68.7963562,25.80999947,383.3998413,,,,
2022-11-21,144.3230438,70.70645142,67.19351196,25.98999977,382.0057983,,,,
2022-11-22,146.7848969,71.66610718,70.26400757,26.28000069,387.1463928,,,,
2022-11-23,146.4174805,71.47976685,68.6708374,26.29999924,389.5859985,,,,
2022-11-25,146.6287384,71.69405365,67.85975647,27.28000069,389.4989319,,,,
2022-11-28,145.5355835,70.55738831,65.88036346,26.01000023,383.2837219,,,,
2022-11-29,145.324295,70.87416077,66.73003387,26.60000038,382.6253662,,,,
2022-11-30,148.0617676,71.46112823,67.09695435,27.43000031,394.6782837,,,,
2022-12-01,148.4751434,71.41455841,66.43073273,27.68000031,394.3878784,,,,
2022-12-02,150.3399353,71.65679932,65.86103821,27.98999977,393.9328308,,,,
2022-12-05,150.597168,70.24993134,64.07476044,27.70000076,386.8463135,,,,
2022-12-06,150.39505,70.13811493,61.93120193,26.20999908,381.2699585,,,,
2022-12-07,151.9383087,69.49525452,61.74774933,26.14999962,380.6213684,,,,
2022-12-08,152.4803009,68.58218384,61.51600647,26.17000008,383.6031494,,,,
2022-12-09,149.7887573,67.25917816,60.56781387,25.87000084,380.7375793,,,,
2022-12-12,151.8648071,68.18156433,61.95139694,25.27000046,386.2267456,,,,
2022-12-13,151.3779449,68.22814941,62.19328308,25.95999908,389.1504211,,,,
2022-12-14,151.442276,67.86477661,61.61275864,25.79999924,386.662384,,,,
2022-12-15,149.8255157,66.80264282,61.10964203,25.5,377.203949,,,,
2022-12-16,147.4187469,66.58836365,60.50009537,25.71999931,372.7506409,,,,
2022-12-19,148.3465424,66.29953766,60.38399124,25.02000046,369.5898743,,,,
2022-12-20,147.5106049,66.8864975,60.34528732,25.13999939,370.0955505,,,,
2022-12-21,149.0079651,67.86477661,61.66113663,25.19000053,375.6293945,,,,
2022-12-22,149.9816895,66.89581299,59.79379654,24.68000031,370.2706604,,,,
2022-12-23,149.8255157,67.33372498,61.87399673,24.79999924,372.4005737,,,,
2022-12-27,149.724472,67.3802948,62.24166489,24.42000008,370.9319763,,,,
2022-12-28,149.0263062,66.90513611,60.06470108,24.51000023,366.322052,,,,
2022-12-29,149.3294678,67.69709015,60.25821304,25.29999924,372.9159851,,,,
2022-12-30,148.4567719,67.42688751,60.94516373,25.29999924,371.9336548,,,,
2023-01-03,149.1641083,67.22190857,59.06813812,25.10000038,370.3678589,,,,
2023-01-04,150.3675079,68.19087219,59.126194,27,373.2272339,,,,
2023-01-05,150.1837616,67.64116669,60.20016098,27.70999908,368.9674377,,,,
2023-01-06,152.9947052,68.55423737,61.68048859,28.80999947,377.4286194,,,,
2023-01-09,148.5027313,66.46723175,61.99978256,28.52000046,377.2146301,,,,
2023-01-10,146.6471405,66.68153381,62.06751251,29.12999916,379.8600159,,,,
2023-01-11,144.3781433,66.68153381,62.00945282,29.25,384.6644287,,,,
2023-01-12,141.1602631,66.51383209,63.60588455,29.32999992,386.0649109,,,,
2023-01-13,142.4400024,67.00762939,63.18984985,29.97999954,387.5626221,,,,
2023-01-17,141.7259521,66.68153381,62.61900711,29.61000061,386.8526306,,,,
2023-01-18,138.3596954,65.367836,62.32873917,28.96999931,380.7450256,,,,
2023-01-19,137.9052887,64.68769836,63.53816605,28.53000069,377.9732666,,,,
2023-01-20,138.7213593,65.39579773,64.73791504,29.70000076,385.0145569,,,,
2023-01-23,137.7569275,65.86164093,64.34122467,31.68000031,389.6341553,,,,
2023-01-24,136.9593964,66.12251282,62.33841705,32.25,389.2159729,,,,
2023-01-25,137.052124,66.67221069,62.42549133,32.5,389.3618774,,,,
2023-01-26,136.6904449,67.28713226,64.9120636,32.20999908,393.6410828,,,,
2023-01-27,135.6518402,67.11943817,64.37991333,33.22999954,394.5455627,,,,
2023-01-30,135.0676117,67.23123932,62.04815292,33.43000031,389.5952148,,,,
2023-01-31,137.0150452,68.03247833,62.68674088,33.5,395.3236694,,,,
2023-02-01,135.9486084,67.71570587,61.43860245,33.47000122,399.5249939,,,,
2023-02-02,134.316452,64.94855499,60.44203949,34,405.3409424,,,,
2023-02-03,134.6503143,65.02310181,59.2519722,33.93000031,401.0325317,,,,
2023-02-06,134.4833984,65.77383423,59.55190659,33.74000168,398.581665,,,,
2023-02-07,134.5946808,66.87178802,62.50289536,33.54000092,403.7945557,,,,
2023-02-08,134.1031799,66.85303497,61.8546524,30.70999908,399.3791504,,,,
2023-02-09,137.8960114,66.43074799,61.14834595,31.06999969,395.9168701,,,,
2023-02-10,141.0026093,67.0031662,63.4994545,31.70000076,396.8407898,,,,
2023-02-13,142.5605469,67.9322052,62.65769958,32.97000122,401.4993286,,,,
2023-02-14,141.5033875,67.61315918,64.186409,33.70000076,401.3145752,,,,
2023-02-15,140.084549,67.97913361,60.85808182,34.09999847,402.6177979,,,,
2023-02-16,138.6656952,68.0072937,60.47106934,33.27999878,397.0741882,,,,
2023-02-17,140.3163757,68.07297516,58.75852585,33.27999878,396.0822144,,,,
2023-02-21,140.9562531,66.67474365,57.87807083,33.09999847,388.1364136,,,,
2023-02-22,139.7228851,66.49642944,56.52351379,33.43000031,387.601532,,,,
2023-02-23,141.0211945,66.2336731,57.2975502,34.06000137,389.6633301,,,,
2023-02-24,141.6146851,67.41607666,57.06533432,33.45999908,385.500824,,,,
2023-02-27,143.0706024,67.35978699,57.04598999,34.04000092,386.8137512,,,,
2023-02-28,142.7182007,67.31285095,56.65897369,33.74000168,385.3841248,,,,
2023-03-01,143.9886627,66.88117218,57.77164078,33.77999878,383.9058228,,,,
2023-03-02,143.1633148,65.11695862,58.3134613,34.27999878,386.8915405,,,,
2023-03-03,144.7212677,65.99906158,59.26165009,34.77999878,393.0964661,,,,
2023-03-06,143.9979248,65.39848328,59.67769241,35.75999832,393.3687744,,,,
2023-03-07,141.8186646,64.96681213,58.87463379,36.34999847,387.3389587,,,,
2023-03-08,138.7306213,63.34333801,60.13243103,36.27999878,387.9711609,,,,
2023-03-09,136.6441193,60.68761444,58.76424408,34.31000137,380.8130798,,,,
2023-03-10,138.8326263,58.53862381,58.08499527,33.90999985,375.3181763,,,,
2023-03-13,140.9098663,55.32922745,57.39605331,33.52999878,374.7832336,,,,
2023-03-14,142.6718597,55.43246078,58.40520477,34.88999939,380.9784546,,,,
2023-03-15,142.8665771,52.8330307,55.11573792,34.40999985,378.5957031,,,,
2023-03-16,144.0164948,54.1374321,57.28931427,35.45999908,385.2381897,,,,
2023-03-17,143.0149689,51.49108887,56.74591827,35.5,380.7337341,,,,
2023-03-20,144.7769012,53.47116089,57.23108673,35.18999863,384.3947144,,,,
2023-03-21,145.3796692,54.92570877,58.45372772,36.38999939,389.4420471,,,,
2023-03-22,142.5049286,52.65473557,56.939991,37.25,382.8034363,,,,
2023-03-23,144.0164948,50.95619202,56.74591827,38.20999908,383.8382568,,,,
2023-03-24,146.5388641,51.00311661,56.45480728,38.27999878,386.3570251,,,,
2023-03-27,146.0937347,52.41074753,57.88122177,39.09999847,387.0794373,,,,
2023-03-28,146.7521362,52.01660919,60.36531067,38.33000183,386.2106018,,,,
2023-03-29,146.5203094,53.01133728,60.24887085,38.59999847,391.8240967,,,,
2023-03-30,146.446106,53.53684998,60.47205353,38.36000061,394.1183472,,,,
2023-03-31,147.7907715,54.37204361,60.57879257,39.58000183,399.6733093,,,,
2023-04-03,148.7644806,54.40019989,63.24724579,41.13000107,401.1962891,,,,
2023-04-04,148.17099,53.90282822,62.90762711,41.16999817,398.9703979,,,,
2023-04-05,149.1168671,55.0477066,62.65533447,40.5,397.9257813,,,,
2023-04-06,149.8123779,55.43246078,61.17070007,40.13000107,399.4779968,,,,
2023-04-10,149.5619812,55.81721115,62.18956757,39.34000015,399.888031,,,,
2023-04-11,149.6547546,56.4178009,62.46126938,39.86999893,399.9954834,,,,
2023-04-12,150.5635376,56.31456757,62.91732407,38.83000183,398.3650818,,,,
2023-04-13,152.2574615,56.09873199,62.84939575,39.88000107,403.6564331,,,,
2023-04-14,151.2279968,56.88701248,62.56800079,40.25999832,402.6704102,,,,
2023-04-17,150.8442841,57.75035858,61.07366943,41.84999847,404.1153259,,,,
2023-04-18,149.3562469,57.53452301,61.13188934,41.5,404.3789063,,,,
2023-04-19,150.8723602,58.00373459,60.6176033,38.72999954,404.3105774,,,,
2023-04-20,151.3683929,57.06531525,60.19064713,38,402.104187,,,,
2023-04-21,151.9954224,56.46471405,60.03539276,38.38000107,402.4165955,,,,
2023-04-24,153.5583344,56.68994141,60.89900208,36.09000015,402.8363953,,,,
2023-04-25,154.3257141,55.56383133,59.51140594,35.31999969,396.4418335,,,,
2023-04-26,151.42453,55.29169083,58.47312927,35.09000015,394.7626343,,,,
2023-04-27,139.3236694,56.59609985,58.78364944,35.29999924,402.6216125,,,,
2023-04-28,141.4293518,57.55329132,59.70547867,35.02999878,406.058075,,,,
2023-05-01,143.8532867,57.48759079,59.35614777,35.70000076,405.6480408,,,,
2023-05-02,141.8973083,55.77029419,58.25965881,35,401.0888977,,,,
2023-05-03,139.6792908,55.09461975,57.22138596,33.93000031,398.3357849,,,,
2023-05-04,137.9104919,50.77789688,56.95938873,32.18999863,395.5143738,,,,
2023-05-05,138.5375366,51.29402542,58.89038086,32.56000137,402.8363953,,,,
2023-05-08,137.9947357,50.8676796,57.21168137,33.74000168,402.9437866,,,,
2023-05-09,137.4144745,50.01499176,57.21168137,32.68999863,401.1767273,,,,
2023-05-10,137.030777,49.0959816,55.16424942,33.81000137,403.051178,,,,
2023-05-11,137.1898651,48.53699493,56.21222305,34.06999969,402.3482666,,,,
2023-05-12,137.713974,47.58008957,56.36747742,33.11000061,401.8210754,,,,
2023-05-15,137.1898651,47.82642365,56.78473282,32.93000031,403.2073975,,,,
2023-05-16,134.1014709,46.53791428,56.41599655,32.77999878,400.5128784,,,,
2023-05-17,134.1576538,48.98229218,57.17286682,31.26000023,405.3746643,,,,
2023-05-18,134.2418823,49.15282822,56.5227356,31.37999916,409.2797546,,,,
2023-05-19,135.8047943,48.86859894,57.37664413,30.62999916,408.6842346,,,,
2023-05-22,135.6082306,49.61706543,57.28931427,31.78000069,408.8501892,,,,
2023-05-23,133.3808899,49.1149292,57.91033173,30.29999924,404.2617188,,,,
2023-05-24,132.0987244,47.60850906,57.62892914,30.90999985,401.3329773,,,,
2023-05-25,129.7309418,49.99605179,57.06613159,31.92000008,404.8084106,,,,
2023-05-26,128.7389069,49.0865097,57.19227982,30.77000046,410.0509949,,,,
2023-05-30,127.6907654,48.93492126,56.85265732,30.07999992,410.2072144,,,,
2023-05-31,129.1132813,46.94530487,55.95023346,30.78000069,407.9324951,,,,
2023-06-01,124.8831177,47.73168182,56.396595,31.21999931,411.8082886,,,,
2023-06-02,128.0931702,50.18553162,57.9200325,30.90999985,417.7635193,,,,
2023-06-05,128.0838165,49.88236237,57.63863754,30.80999947,416.9629822,,,,
2023-06-06,126.7455063,50.59292984,57.67744827,31.14999962,417.8708801,,,,
2023-06-07,127.7468948,51.96670151,58.25965881,31.92000008,416.4259949,,,,
2023-06-08,128.8137817,50.93399811,58.11367035,32.65000153,418.9447632,,,,
2023-06-09,129.3191681,51.03821564,57.73409271,33.54000092,419.6965332,,,,
2023-06-12,128.8980103,51.17086029,57.60756683,33.70999908,423.5039368,,,,
2023-06-13,129.4408569,52.2698822,57.19879913,34.38000107,426.2960815,,,,
2023-06-14,127.4942093,51.10453796,56.90681839,34.18999863,426.8037109,,,,
2023-06-15,127.1760254,52.26041031,56.8581543,34.70999908,432.0950928,,,,
2023-06-16,129.7496948,52.58253479,56.59537888,33.63999939,430.6232605,,,,
2023-06-20,128.982254,51.65406036,55.69997406,33.63999939,428.3890991,,,,
2023-06-21,128.0838165,51.68247604,55.9335556,33.15999985,426.1941528,,,,
2023-06-22,128.5985413,51.02874756,55.00895309,32.63000107,427.732605,,,,
2023-06-23,127.2041016,50.52661133,54.57098389,32.70999908,424.4989014,,,,
2023-06-26,126.2962875,51.21823502,55.71943665,32.47999954,422.7645569,,,,
2023-06-27,124.0969772,52.08987808,55.60264587,31.14999962,427.3994751,,,,
2023-06-28,124.0127563,51.98564911,55.92381668,30.54000092,427.6150513,,,,
2023-06-29,124.6865845,53.22678757,56.95547867,30.87000084,429.300415,,,,
2023-06-30,126.0904007,53.55839539,57.22799683,30.67000008,434.3664551,,,,
2023-07-03,126.3524551,54.26897049,57.62704086,31.12000084,434.8662109,,,,
2023-07-05,128.7950897,53.79525375,57.3155899,30.87999916,434.2194824,,,,
2023-07-06,128.4488068,53.72893143,56.06981659,33.34999847,430.8192444,,,,
2023-07-07,126.8110199,54.58162689,57.04307938,34.72999954,429.7315369,,,,
2023-07-10,125.8657913,54.39213181,57.13067245,35.49000168,430.8192444,,,,
2023-07-11,126.8765488,56.12594223,58.93120956,35.93999863,433.5629272,,,,
2023-07-12,126.324379,55.61432648,59.68062973,36.27000046,437.0513611,,,,
2023-07-13,126.4095383,56.05961609,59.79741669,35.81000137,440.5201721,,,,
2023-07-14,128.6994629,55.10270691,57.79249573,34.54000092,440.2458496,,,,
2023-07-17,127.582901,55.89855576,57.70489883,35.31000137,441.7744141,,,,
2023-07-18,129.2388306,56.24910355,58.47377396,35.93999863,445.0570679,,,,
2023-07-19,130.2796783,57.09231567,58.55163956,35.84000015,446.0467834,,,,
2023-07-20,134.547287,57.73657608,58.84361649,35.50999832,443.0874634,,,,
2023-07-21,136.0139771,57.98290253,59.11613846,33.90999985,443.0874634,,,,
2023-07-24,135.4840546,58.72190475,60.65389252,34.25,445.0668945,,,,
2023-07-25,134.0173798,58.47557068,61.7147522,34.29999924,446.2819214,,,,
2023-07-26,134.2728577,59.54616928,61.1697197,34.5,446.3505554,,,,
2023-07-27,140.8492889,59.04402924,60.19645309,34.27000046,443.3912354,,,,
2023-07-28,142.7417908,59.2714119,60.42031097,35.25,447.7321777,,,,
2023-07-31,141.5400696,59.65986252,61.44224167,36.59000015,448.5846863,,,,
2023-08-01,140.555954,59.51774597,60.96533585,35.47999954,447.3009949,,,,
2023-08-02,141.3508301,59.45142746,59.82661438,34.95000076,441.0787354,,,,
2023-08-03,141.0385437,61.03363419,60.54683304,35.20999908,439.8146362,,,,
2023-08-04,139.7894897,60.19041824,61.82180786,34.58000183,437.82547,,,,
2023-08-07,142.2497559,61.30806732,62.19165039,35.88999939,441.6470947,,,,
2023-08-08,141.5779114,60.65849686,62.04565811,35.38000107,439.7265015,,,,
2023-08-09,142.6661072,59.82743073,62.10406113,35.18999863,436.7867737,,,,
2023-08-10,143.3000793,59.85608292,62.02619934,35.06999969,436.943573,,,,
2023-08-11,144.0003204,60.80178452,64.07979584,34.61999893,436.6887817,,,,
2023-08-14,144.0854797,60.7253685,63.36930466,34.79000092,439.0993042,,,,
2023-08-15,143.9435577,59.09188461,61.85100937,34.41999817,433.984314,,,,
2023-08-16,143.4041901,58.90083313,60.87773895,34.22000122,430.7996826,,,,
2023-08-17,141.9564056,59.07278061,61.47143555,32.33000183,427.5170288,,,,
2023-08-18,142.0699768,59.47397995,62.35710526,33.11000061,427.7227783,,,,
2023-08-21,142.088913,59.17785645,62.02619934,33.61999893,430.5056763,,,,
2023-08-22,140.2720947,58.57604218,61.2281189,33.38999939,429.3396301,,,,
2023-08-23,139.1744537,58.96770096,60.1672554,34.31000137,434.1214905,,,,
2023-08-24,138.7486267,59.4835434,59.70981598,33.45999908,428.10495,,,,
2023-08-25,138.8054047,59.61726761,60.18672562,33.15000153,431.1229858,,,,
2023-08-28,139.5056305,59.73189545,60.57602692,33.06000137,433.8569336,,,,
2023-08-29,139.6570282,60.0375824,60.7317543,33.59999847,440.1282349,,,,
2023-08-30,140.3478088,60.12355423,60.95560074,33.02999878,441.9410095,,,,
2023-08-31,139.0608978,60.5056572,61.11133194,33.18999863,441.294281,,,,
2023-09-01,140.2342377,61.42269897,62.84373856,33.29000092,442.1173706,,,,
2023-09-05,138.2471161,60.91640854,64.41069794,33.79000092,440.2065735,,,,
2023-09-06,137.7834625,60.37192535,63.81699371,35.56999969,437.247345,,,,
2023-09-07,140.9060822,59.9611702,63.01672745,34.33000183,435.9049072,,,,
2023-09-08,141.0101776,60.47699738,63.70964432,34.29000092,436.5614014,,,,
2023-09-11,141.0290985,60.56297302,62.30429077,34.18999863,439.4324951,,,,
2023-09-12,141.2467346,61.12657547,64.83198547,31.75,437.0219421,,,,
2023-09-13,143.035141,60.93552017,64.72462463,30.86000061,437.5315247,,,,
2023-09-14,145.3818512,62.97975922,65.68105316,31.25,441.3040771,,,,
2023-09-15,143.9435577,62.7122879,64.55872345,29.96999931,435.9871216,,,,
2023-09-18,145.6657257,63.33319855,64.72462463,30.51000023,436.2427979,,,,
2023-09-19,145.2398987,63.39051437,64.22690582,31.20999908,435.3381042,,,,
2023-09-20,145.3534546,63.13260269,62.70442963,30.93000031,431.335907,,,,
2023-09-21,145.183136,61.79525375,61.05508041,30.12999916,424.206604,,,,
2023-09-22,144.5302277,61.537323,61.37714005,30,423.2527466,,,,
2023-09-25,146.3375397,62.1391449,61.64064789,30.12000084,425.0326233,,,,
2023-09-26,145.6373291,60.23818588,61.63088989,30.07999992,418.7883301,,,,
2023-09-27,144.8992462,59.98982239,64.02194214,30.5,418.9555054,,,,
2023-09-28,144.0665588,60.08534622,64.29521179,30.67000008,421.3843994,,,,
2023-09-29,141.0480042,60.09489441,63.31927109,30.62999916,420.3617554,,,,
2023-10-02,140.2815552,58.92948914,60.80133438,31.14999962,420.1945496,,,,
2023-10-03,139.5056305,57.56347656,60.9574852,30.09000015,414.5697937,,,,
2023-10-04,139.7516632,57.31511688,58.59570313,30.39999962,417.5887146,,,,
2023-10-05,139.5245819,57.59213638,57.99061203,28.96999931,417.431366,,,,
2023-10-06,140.2720947,58.57604218,59.92298508,30.02000046,422.3873901,,,,
2023-10-09,141.0953217,59.13010025,62.63610458,28.27000046,425.0916138,,,,
2023-10-10,140.8871765,59.39756775,62.44092178,28.84000015,427.3041382,,,,
2023-10-11,141.3129578,60.0375824,61.82607651,29.17000008,429.0545044,,,,
2023-10-12,141.73349,59.68414307,61.69920349,27.55999947,426.4388123,,,,
2023-10-13,141.4085388,59.2829361,62.82154465,25.96999931,424.3147888,,,,
2023-10-16,140.7108612,60.51520538,63.79748917,27.27000046,428.7791748,,,,
2023-10-17,142.5745239,61.07880783,63.95363998,27.04000092,428.7595215,,,,
2023-10-18,142.6700897,60.2572937,64.90029907,26.29000092,423.0462341,,,,
2023-10-19,139.0765839,59.14919662,64.86125946,26.03000069,419.3291626,,,,
2023-10-20,139.755127,57.42974854,63.6120491,25.61000061,414.1764526,,,,
2023-10-23,138.3215485,55.87268829,61.30882263,25.26000023,413.4585876,,,,
2023-10-24,139.831604,56.56046677,61.02580261,26.29999924,416.5758362,,,,
2023-10-25,138.8280792,56.32164764,61.7480011,25.57999992,410.5970154,,,,
2023-10-26,138.770752,56.93301773,61.7480011,24.65999985,405.6803284,,,,
2023-10-27,132.7783813,55.68163681,60.73301697,24.35000038,403.8414307,,,,
2023-10-30,135.6073151,56.76107025,60.18648529,24.86000061,408.6697083,,,,
2023-10-31,134.9287415,57.32466507,60.32312012,25.39999962,411.2362671,,,,
2023-11-01,136.1616364,57.29601288,59.88394547,27.01000023,415.6219788,,,,
2023-11-02,136.9166412,57.32466507,61.7480011,27.77000046,423.5871277,,,,
2023-11-03,135.1581268,58.99635315,61.49425507,28.56999969,427.4516602,,,,
2023-11-06,134.9478607,57.72587585,60.26456833,28.51000023,428.4350281,,,,
2023-11-07,135.8653564,57.36287308,58.75184631,28.51000023,429.6543274,,,,
2023-11-08,135.7411194,57.18942642,59.67900085,28.45000076,429.9690247,,,,
2023-11-09,131.9277802,57.15088654,59.122715,27.18000031,426.6158142,,,,
2023-11-10,132.4534302,58.28793335,59.51308441,27.94000053,433.2730408,,,,
2023-11-13,132.5012207,58.25902176,60.1279335,27.48999977,432.8601074,,,,
2023-11-14,131.9468842,60.13803101,60.24504471,28.46999931,441.2579041,,,,
2023-11-15,131.5072784,59.56951523,59.82538986,28.73999977,442.1920471,,,,
2023-11-16,132.1571655,59.77186584,58.85920334,27.85000038,442.7329102,,,,
2023-11-17,132.1762848,60.27293777,59.49356842,28.28000069,443.2835388,,,,
2023-11-20,132.1858368,60.23439407,59.66923904,28.64999962,446.6958008,,,,
2023-11-21,132.5872498,59.9838562,59.28862,28.22999954,445.7222595,,,,
2023-11-22,132.3387451,60.67764664,58.76161194,28.90999985,447.4431152,,,,
2023-11-24,132.5298767,61.23653412,58.71281433,28.62000084,447.7184143,,,,
2023-11-27,132.9312744,60.91854858,58.42978668,28.71999931,446.9121399,,,,
2023-11-28,131.9660187,60.88963699,58.61521912,28.87000084,447.3546143,,,,
2023-11-29,132.3674316,60.86072922,58.87872314,28.93000031,447.0399475,,,,
2023-11-30,136.0851746,61.31362152,57.72711182,28.23999977,448.8001404,,,,
2023-12-01,137.0600128,61.43888855,57.41481018,28.40999985,451.4552002,,,,
2023-12-04,137.7672424,62.20013428,56.46813965,28.31999969,449.0853271,,,,
2023-12-05,138.1686707,61.6412468,55.90209198,27.53000069,448.9968262,,,,
2023-12-06,139.8985138,61.22689819,55.12133408,27.40999985,447.1874695,,,,
2023-12-07,141.4180908,61.14981079,55.21924591,27.79999924,450.5997009,,,,
2023-12-08,142.6700897,61.75687027,55.28777695,27.87999916,452.5368652,,,,
2023-12-11,144.5433197,62.57593918,55.86542892,27.30999947,454.2970581,,,,
2023-12-12,146.4547729,62.82646179,54.38703537,29.73999977,456.3719482,,,,
2023-12-13,147.467804,63.81896973,56.02207947,32.34999847,462.6653442,,,,
2023-12-14,148.0221405,64.46458435,57.52983475,32.43000031,464.1502075,,,,
2023-12-15,147.2193146,63.94423676,57.33402634,31.55999947,463.3860168,,,,
2023-12-18,146.62677,62.84573746,57.7354393,30.90999985,465.9925842,,,,
2023-12-19,146.7988281,63.98278427,59.03759003,30.78000069,468.8262329,,,,
2023-12-20,144.9733734,62.84573746,58.91031647,29.72999954,462.3295593,,,,
2023-12-21,145.8335266,63.20226288,59.17466354,30.39999962,466.7133484,,,,
2023-12-22,148.0794678,63.46244431,59.53692245,30.04999924,467.6513062,,,,
2023-12-26,147.7736359,63.82860565,60.15372467,30.71999931,469.625946,,,,
2023-12-27,148.0221405,63.61661148,59.76210785,30.95999908,470.4750671,,,,
2023-12-28,147.8979034,63.87678146,58.71450424,31.25,470.652771,,,,
2023-12-29,148.1081696,63.72261047,58.45995331,30.87000084,469.2902832,,,,
2024-01-02,152.7434082,64.89819336,58.79282761,30.32999992,466.6639404,,,,
2024-01-03,153.3550568,64.67657471,59.34110641,29.51000023,462.8528442,,,,
2024-01-04,154.310791,65.03308868,57.88229752,29.13999939,461.361969,,,,
2024-01-05,154.9606628,66.41103363,57.70606232,28.76000023,461.993866,,,,
2024-01-08,154.2820892,66.98919678,57.05009079,29.01000023,468.5892639,,,,
2024-01-09,155.1231384,66.70012665,56.25705338,28.97999954,467.8783569,,,,
2024-01-10,157.588913,66.77721405,55.61087036,28.40999985,470.5244446,,,,
2024-01-11,156.5280457,66.77721405,55.93395996,28.88999939,470.3171082,,,,
2024-01-12,156.6920776,66.32431793,56.84449005,28.64999962,470.6429138,,,,
2024-01-16,155.8044128,65.73652649,55.43463898,28.68000031,468.9150696,,,,
2024-01-17,156.3447266,64.95602417,55.04301071,28.21999931,466.3085327,,,,
2024-01-18,157.5604401,65.25473022,55.28777695,28.45999908,470.4552917,,,,
2024-01-19,158.9787903,66.38213348,55.23882294,28.71999931,476.3200684,,,,
2024-01-22,159.5769806,66.96992493,55.55212402,29.80999947,477.32724,,,,
2024-01-23,161.6128235,66.93138123,55.54233551,29.79000092,478.7193298,,,,
2024-01-24,158.4481201,67.14337921,56.11019516,30.13999939,479.2426147,,,,
2024-01-25,159.3261414,67.82752228,56.79553604,29.98999977,481.8491821,,,,
2024-01-26,158.6217651,68.29969025,57.17737579,30.75,481.2370605,,,,
2024-01-29,158.1489868,67.7986145,57.00114441,31.20000076,485.0481567,,,,
2024-01-30,159.1235046,68.23223877,57.66690445,30.64999962,484.6729736,,,,
2024-01-31,158.6217651,66.79649353,56.36474609,29.45000076,476.7644043,,,,
2024-02-01,161.6996613,62.9710083,56.11998367,29.36000061,483.0043945,,,,
2024-02-02,162.7416992,63.54916382,55.84584045,29.12000084,488.0891113,,,,
2024-02-05,165.2406769,63.91824341,55.78710556,29.67000008,486.3119507,,,,
2024-02-06,167.1993256,64.0639267,56.36474609,29.46999931,487.7238464,,,,
2024-02-07,168.8588867,65.07402802,56.4137001,23.54000092,491.7916565,,,,
2024-02-08,168.6466064,64.8312149,56.83469391,23.61000061,492.0088501,,,,
2024-02-09,167.9615479,65.55965424,56.26684189,23.88999939,494.8523865,,,,
2024-02-12,166.9870605,66.57948303,56.81511688,23.82999992,494.6351624,,,,
2024-02-13,167.1993256,65.88988495,56.40391159,22.37999916,487.8225708,,,,
2024-02-14,168.2895966,66.38523102,56.10039902,22.80999947,492.2557068,,,,
2024-02-15,170.3833313,67.541008,58.85157394,23.42000008,495.6521301,,,,
2024-02-16,171.251709,66.79314423,59.25298691,23.20000076,493.1838074,,,,
2024-02-20,169.5728607,66.64746857,58.31309128,23.30999947,490.4686279,,,,
2024-02-21,168.9842987,66.95826721,59.20404053,23.05999947,490.9129028,,,,
2024-02-22,170.5377197,66.88056946,59.26277924,22.75,501.0726013,,,,
2024-02-23,171.8306122,67.33705139,58.76345825,22.89999962,501.4181519,,,,
2024-02-26,172.5253296,66.59889984,59.20404053,22.70000076,499.5817261,,,,
2024-02-27,172.6989746,67.17194366,59.3313179,23.23999977,500.5098267,,,,
2024-02-28,171.7437744,67.34675598,58.99842834,22.80999947,499.8482971,,,,
2024-02-29,169.8623199,67.73526764,59.34110641,22.95000076,501.6452332,,,,
2024-03-01,172.6217957,67.72555542,60.07540512,23.36000061,506.3548279,,,,
2024-03-04,170.827179,67.900383,59.40964127,22.69000053,505.8117981,,,,
2024-03-05,172.8630219,68.44429016,59.31173706,22.52000046,500.7566223,,,,
2024-03-06,174.696228,68.99790192,59.81105804,22.30999947,503.2940979,,,,
2024-03-07,174.2234497,69.31841278,59.98792648,22.52000046,508.289978,,,,
2024-03-08,172.5639191,68.88134766,59.74227142,21.88999939,505.2391357,,,,
2024-03-11,173.3165131,69.64863586,60.44975281,22.56999969,504.804718,,,,
2024-03-12,174.561142,69.62921143,60.0763588,22.80999947,510.2350769,,,,
2024-03-13,173.5384216,70.58103943,60.98035431,22.95000076,509.4353027,,,,
2024-03-14,174.8313141,69.83317566,61.4913063,22.21999931,508.4282532,,,,
2024-03-15,171.628006,70.30909729,61.56009674,22.28000069,504.9371033,,,,
2024-03-18,172.2165527,70.46450043,62.1005249,21.57999992,507.9379883,,,,
2024-03-19,173.3454437,70.31880951,62.94556046,21.81999969,510.7606812,,,,
2024-03-20,170.0746002,71.25121307,62.68026352,22.35000038,515.4848633,,,,
2024-03-21,171.2613525,71.16378784,62.8178215,22.5,517.1883545,,,,
2024-03-22,172.1779633,70.54219055,62.69990921,22.68000031,516.2078247,,,,
2024-03-25,172.2551575,70.99867249,63.42703629,22.25,514.7816772,,,,
2024-03-26,172.8919525,70.95983124,62.21843719,22.45000076,513.8308716,,,,
2024-03-27,174.0111847,71.79510498,63.08312607,22.36000061,518.1490479,,,,
2024-03-28,175.6996765,71.9796524,63.85938644,22.47999954,518.0500488,,,,
2024-04-01,174.4067688,71.57172394,65.22519684,21.87999916,517.1486816,,,,
2024-04-02,174.3392487,71.12494659,66.08989716,21.54999924,513.8606567,,,,
2024-04-03,171.0973358,71.45516205,66.53205872,21.52000046,514.4251099,,,,
2024-04-04,161.998764,71.02781677,66.45344543,21.37000084,508.1459961,,,,
2024-04-05,164.0249481,71.48431396,68.04528046,21.11000061,513.4545288,,,,
2024-04-08,163.8319855,71.65912628,67.53432465,12.5,513.7416992,,,,
2024-04-09,164.1600494,70.78500366,67.35744476,13.18000031,514.3359985,,,,
2024-04-10,163.089035,69.84288788,67.74066925,13.10000038,509.1858826,,,,
2024-04-11,161.6321259,68.9396286,68.05509949,12.72999954,513.0286865,,,,
2024-04-12,158.0385742,68.1237793,67.80944824,12.57999992,505.9472961,,,,
2024-04-15,157.444519,67.4438858,67.15109253,11.73999977,499.6087341,,,,
2024-04-16,158.2917633,66.94855499,65.657547,11.89000034,498.6975403,,,,
2024-04-17,159.957077,66.93883514,64.83216095,11.63000011,495.7461243,,,,
2024-04-18,160.3563538,67.93923187,64.89111328,11.28999996,494.7260437,,,,
2024-04-19,162.0606232,69.06588745,65.47084808,10.97999954,490.4078979,,,,
2024-04-22,163.5019379,69.89144135,65.83441162,10.86999989,494.9241333,,,,
2024-04-23,165.1088104,70.14398956,66.21763611,11.35000038,500.7972107,,,,
2024-04-24,163.4142914,70.62960815,66.15867615,11.85000038,500.5595093,,,,
2024-04-25,162.9176025,69.83317566,66.69909668,11.81999969,498.6579285,,,,
2024-04-26,155.4480896,68.39571381,66.60083771,11.90999985,503.3821716,,,,
2024-04-29,157.2984314,69.63891602,67.04301453,12.47000027,505.1648865,,,,
2024-04-30,158.3891602,69.03675079,64.98937988,12.59000015,497.1624146,,,,
2024-05-01,157.4932098,69.81375122,63.32877731,12.72000027,495.5480652,,,,
2024-05-02,156.6069794,68.22090149,63.53512955,12.84000015,500.183136,,,,
2024-05-03,159.5090942,68.492836,63.26982117,12.85999966,506.3830872,,,,
2024-05-06,158.4767914,69.68210602,63.88886261,12.85999966,511.6123962,,,,
2024-05-07,158.3015137,69.75063324,63.9379921,12.71000004,512.1769409,,,,
2024-05-08,156.2563782,70.14215851,62.57217026,12.64999962,512.2263794,,,,
2024-05-09,156.2076874,71.00351715,63.12243271,12.22000027,515.1777954,,,,
2024-05-10,156.5485535,71.18949127,62.46408844,11.81000042,515.8414917,,,,
2024-05-13,157.0646973,70.87627411,61.81557083,12.27999973,515.9107056,,,,
2024-05-14,157.3665924,71.75719452,61.9629631,12.39000034,518.277771,,,,
2024-05-15,159.5090942,71.58101654,62.27739334,12.25,524.6956177,,,,
2024-05-16,160.0544739,71.91381073,61.76643753,12.05000019,523.6160889,,,,
2024-05-17,162.0703583,72.64793396,62.30686951,12.02000046,524.3687744,,,,
2024-05-20,160.2589722,71.34609985,62.46408844,12.06000042,524.9729614,,,,
2024-05-21,158.6715698,71.05245209,62.24791336,11.81000042,526.260437,,,,
2024-05-22,155.4383698,71.32653046,61.56991577,11.53999996,524.7451782,,,,
2024-05-23,154.1236267,70.13237,60.88209534,11.27000046,520.9122925,,,,
2024-05-24,152.9549866,71.00351715,60.87227249,11.76000023,524.3588867,,,,
2024-05-28,151.279953,69.4765625,61.12774658,12.03999996,524.7253418,,,,
2024-05-29,150.7443237,68.94799805,60.05670547,12.23999977,521.0509644,,,,
2024-05-30,152.2245941,69.60380554,60.14513779,12.34000015,517.5944214,,,,
2024-05-31,157.0257568,70.83711243,61.41270065,12.5,522.3087769,,,,
2024-06-03,156.0032043,69.90723419,59.5162735,12.39999962,522.7345581,,,,
2024-06-04,157.9022217,68.82074738,58.84810257,12.53999996,523.3189697,,,,
2024-06-05,161.1159821,68.8403244,58.7989769,12.39999962,529.5386963,,,,
2024-06-06,164.1641693,68.55647278,59.03480148,12.38000011,529.5287476,,,,
2024-06-07,164.9919434,68.56626129,58.44524384,12.31999969,528.8850098,,,,
2024-06-10,166.004776,68.78159332,59.6484642,8.609999657,530.519165,,,,
2024-06-11,163.3169098,67.59722137,59.77667618,8.670000076,531.796814,,,,
2024-06-12,161.7489929,67.55806732,59.47093964,8.850000381,536.1644287,,,,
2024-06-13,162.2067108,67.20570374,58.97781372,8.430000305,537.2440186,,,,
2024-06-14,164.1836548,67.09803009,59.01726151,8.609999657,537.5709229,,,,
2024-06-17,165.2451477,67.91044617,59.37231445,9.340000153,541.8493652,,,,
2024-06-18,166.8812561,68.38028717,60.41773605,9.039999962,543.2260742,,,,
2024-06-20,167.6311188,69.3493042,61.58151627,8.960000038,541.7503662,,,,
2024-06-21,165.936615,69.76040649,60.08241272,8.819999695,541.0240479,,,,
2024-06-24,168.2251892,70.59242249,62.38037872,8.359999657,539.2653809,,,,
2024-06-25,166.2871857,69.89745331,62.23244095,8.25,541.34198,,,,
2024-06-26,166.6767273,69.67232513,62.00560379,8.369999886,542.0176392,,,,
2024-06-27,164.5731964,69.35910034,61.82807922,8.430000305,542.8721313,,,,
2024-06-28,167.0370636,68.70328522,62.16340256,8.350000381,540.7359009,,,,
2024-07-01,165.9171295,68.39984894,62.0154686,8.430000305,541.8487549,,,,
2024-07-02,161.6223907,68.55647278,61.50261688,8.630000114,545.4953003,,,,
2024-07-03,159.557785,68.67393494,61.46316528,8.380000114,547.9295654,,,,
2024-07-05,162.8786621,68.02790833,60.94045258,8.529999733,551.0891724,,,,
2024-07-08,162.1677551,67.93981171,60.11200333,8.539999962,551.7250977,,,,
2024-07-09,163.6577606,68.43900299,60.1810379,8.460000038,552.2616577,,,,
2024-07-10,163.7454071,70.10299683,60.56567383,8.289999962,557.7264404,,,,
2024-07-11,165.4691467,70.90563965,60.63471222,8.289999962,552.9174194,,,,
2024-07-12,165.8294678,71.83551025,60.35856247,8.380000114,556.4049072,,,,
2024-07-15,165.14151,72.85348511,61.14756775,8.510000229,557.9350586,,,,
2024-07-16,166.2913818,74.05743408,61.26591492,8.850000381,561.2437134,,,,
2024-07-17,172.2570496,74.56642151,62.28175735,8.569999695,553.3745117,,,,
2024-07-18,168.1980438,73.79314423,62.85377884,8.329999924,549.1218262,,,,
2024-07-19,169.3577576,73.19606781,62.26203156,8.31000042,545.4754028,,,,
2024-07-22,170.6255951,73.64633179,60.36842728,8.649999619,551.0991821,,,,
2024-07-23,170.1734772,73.59738922,59.57942581,8.819999695,550.2346802,,,,
2024-07-24,173.1808929,72.94156647,59.24410248,8.529999733,537.7650146,,,,
2024-07-25,179.0384216,73.72463226,59.69777298,8.470000267,534.9630737,,,,
2024-07-26,181.9770355,74.39022064,59.70763779,8.43999958,540.9545288,,,,
2024-07-29,178.8123932,73.90081787,59.35259247,8.449999809,541.2724609,,,,
2024-07-30,183.5691833,75.12434387,59.44135284,8.510000229,538.5301514,,,,
2024-07-31,182.1342926,75.222229,59.98378754,8.770000458,547.2837524,,,,
2024-08-01,186.448822,74.17488861,58.563591,8.430000305,539.5336304,,,,
2024-08-02,186.0360413,69.06545258,56.87709427,8.119999886,529.4884033,,,,
2024-08-05,181.1907806,66.52052307,55.40758896,7.699999809,514.067749,,,,
2024-08-06,182.5175781,67.68979645,55.35826874,7.96999979,518.807251,,,,
2024-08-07,184.2866364,67.81808472,55.33854675,8.130000114,515.3394775,,,,
2024-08-08,187.1269531,68.72586823,57.72527313,8.510000229,527.2528076,,,,
2024-08-09,186.6650238,69.19950104,57.60692215,8.380000114,529.5777588,,,,
2024-08-12,186.9107208,68.92321777,58.16909027,8.350000381,529.8560181,,,,
2024-08-13,187.9426727,69.47579193,56.66998672,8.43999958,538.5698853,,,,
2024-08-14,189.682251,70.23557281,56.15713501,8.399999619,540.2689209,,,,
2024-08-15,190.0753784,70.77827454,57.01517487,8.68999958,549.5292358,,,,
2024-08-16,190.5667877,72.08076477,56.8179245,8.75,550.7612915,,,,
2024-08-19,193.485733,72.27810669,56.60094833,8.989999771,556.0273438,,,,
2024-08-20,192.7781067,71.75514221,55.39772034,8.93999958,555.12323,,,,
2024-08-21,193.1515808,71.84394073,55.24978256,8.739999771,557.0308838,,,,
2024-08-22,192.9943237,72.87014008,55.32867813,8.5,552.6590576,,,,
2024-08-23,194.1540527,73.3536377,56.45301437,8.619999886,558.531189,,,,
2024-08-26,194.0459442,73.74833679,56.58122253,8.850000381,557.1997681,,,,
2024-08-27,192.552063,74.02462006,56.05851364,8.590000153,557.9649048,,,,
2024-08-28,192.0410004,74.74493408,55.99933624,8.430000305,554.725769,,,,
2024-08-29,191.8247681,75.71193695,56.42342377,8.479999542,554.7753906,,,,
2024-08-30,192.9353638,76.45198822,56.19658279,8.550000191,560.0712891,,,,
2024-09-03,194.2916412,76.72827148,54.63830948,8.289999962,548.5455933,,,,
2024-09-04,193.6233215,76.49144745,53.87889481,8.380000114,547.4228516,,,,
2024-09-05,189.5446625,75.5639267,53.00113297,8.329999924,546.0914307,,,,
2024-09-06,190.0753784,73.09709167,51.31464386,8.18999958,536.9005737,,,,
2024-09-09,193.0434723,74.47852325,51.46258163,8.149999619,542.9118042,,,,
2024-09-10,195.9230957,73.6397934,50.89803696,8.199999809,545.2766724,,,,
2024-09-11,191.2449341,73.74833679,50.17502594,8.350000381,550.8705444,,,,
2024-09-12,190.6847382,74.46865082,50.5018692,8.090000153,555.5107422,,,,
2024-09-13,190.87146,75.17910004,50.56129074,8.069999695,558.4119873,,,,
2024-09-16,192.3653259,76.35330963,50.79899597,8.050000191,559.2366943,,,,
2024-09-17,190.124527,77.24136353,51.56162643,8.140000343,559.46521,,,,
2024-09-18,189.623291,78.19849396,51.2545929,8.109999657,557.8059692,,,,
2024-09-19,190.2915955,80.01407623,51.53190994,8.369999886,567.324585,,,,
2024-09-20,190.1441803,79.77726746,51.14564514,8,566.3438721,,,,
2024-09-23,190.4979858,80.37917328,51.7399025,7.960000038,567.7590942,,,,
2024-09-24,190.1835022,79.38256836,51.89836884,8.079999924,569.383606,,,,
2024-09-25,187.972168,79.66872406,50.63062286,7.849999905,568.1278687,,,,
2024-09-26,188.6011658,80.45811462,49.4322052,8.090000153,570.3803101,,,,
2024-09-27,191.4414825,81.38564301,50.54148483,7.96999979,569.5530396,,,,
2024-09-30,194.0852356,81.38564301,51.04660034,7.880000114,571.8353882,,,,
2024-10-01,193.5741882,80.69493103,52.74023056,7.820000172,566.7126465,,,,
2024-10-02,193.4365997,80.70480347,52.92841339,7.769999981,566.9518433,,,,
2024-10-03,192.0901337,80.18183136,54.26549149,7.920000076,565.9153442,,,,
2024-10-04,190.9500885,82.92494965,55.2262001,7.840000153,571.0579834,,,,
2024-10-07,190.2817841,81.89874268,55.3747673,7.75,565.8953857,,,,
2024-10-08,189.6920776,82.17502594,53.79998779,7.840000153,571.2473755,,,,
2024-10-09,191.4021759,83.41831207,53.38401031,7.78000021,575.2041016,,,,
2024-10-10,191.0090485,82.91507721,54.04759598,7.769999981,574.1974487,,,,
2024-10-11,190.8518066,84.3754425,54.23577499,7.909999847,577.6358643,,,,
2024-10-14,192.2866974,84.74053192,53.39391327,7.829999924,582.3599854,,,,
2024-10-15,190.067627,84.52345276,51.06641388,7.849999905,577.8352051,,,,
2024-10-16,188.6807098,84.04981995,50.76927948,7.949999809,580.3467407,,,,
2024-10-17,186.8083649,84.55304718,51.22488022,8.140000343,580.3965454,,,,
2024-10-18,187.0956573,84.18795776,51.16545486,8.020000458,582.6290894,,,,
2024-10-21,184.7973175,83.71432495,51.3239212,8.140000343,581.6723022,,,,
2024-10-22,186.996582,83.6255188,51.60124207,8.130000114,581.3633423,,,,
2024-10-23,186.1248169,83.01374817,50.82870483,7.989999771,576.0512085,,,,
2024-10-24,187.8782654,83.24069977,50.85841751,7.889999866,577.2969971,,,,
2024-10-25,186.0950928,81.29683685,51.08621979,8.020000458,577.0976563,,,,
2024-10-28,187.9079895,81.98754883,50.14531326,8.289999962,578.8817139,,,,
2024-10-29,187.6801453,81.73100281,49.60058212,8.279999733,579.8185425,,,,
2024-10-30,199.617569,82.07635498,49.68971634,8.329999924,578.0644531,,,,
2024-10-31,201.9654236,77.37950897,49.63029099,8.149999619,566.732605,,,,
2024-11-01,201.6484222,77.38938141,49.09545898,8.210000038,569.1245117,,,,
2024-11-04,198.5971985,77.51765442,50.07598495,8.289999962,567.8986206,,,,
2024-11-05,199.7958832,77.65179443,49.91751862,8.449999809,574.765564,,,,
2024-11-06,199.3203735,82.71927643,50.89803696,9.050000191,589.0574341,,,,
2024-11-07,198.6368103,80.50349426,50.71976089,9.029999733,593.6120605,,,,
2024-11-08,197.636261,80.50349426,50.04627228,8.890000343,596.1834717,,,,
2024-11-11,172.8004608,81.24871063,50.32359314,8.899999619,596.7515259,,,,
2024-11-12,169.4916534,81.67597198,49.80856705,9.069999695,594.8978271,,,,
2024-11-13,168.7585907,81.49711609,50.63062286,8.869999886,595.1868286,,,,
2024-11-14,168.0453033,82.07342529,50.18492889,8.739999771,591.3596802,,,,
2024-11-15,163.4486542,82.79877472,49.49163055,8.380000114,583.7851563,,,,
2024-11-18,164.726593,82.83851624,50.42263031,8.520000458,586.177124,,,,
2024-11-19,165.0139008,82.10323334,50.01655579,8.409999847,588.3198853,,,,
2024-11-20,166.1927643,82.07342529,50.42263031,8.420000076,588.5192261,,,,
2024-11-21,170.1256866,84.64691162,51.04660034,8.430000305,591.6785889,,,,
2024-11-22,175.2969208,86.03798676,51.43286896,8.520000458,593.5124512,,,,
2024-11-25,175.4058838,86.78320313,49.95713043,8.550000191,595.5256958,,,,
2024-11-26,179.4477692,87.20053101,49.37277985,8.449999809,598.6351929,,,,
2024-11-27,181.3696594,87.68740845,49.83827972,8.43999958,596.8212891,,,,
2024-11-29,181.2210541,87.66753387,50.09579468,8.619999886,600.5288086,,,,
2024-12-02,180.0718994,86.32613373,49.93732071,9.090000153,601.6052246,,,,
2024-12-03,179.8044128,85.17353821,49.91751862,9.359999657,601.8842163,,,,
2024-12-04,174.8115082,84.83570099,48.43187332,9.229999542,605.6216431,,,,
2024-12-05,174.5242004,85.3325119,48.01589584,8.869999886,604.625,,,,
2024-12-06,174.5440216,84.67671967,47.08489609,9.090000153,605.7711792,,,,
2024-12-09,174.9204712,81.75546265,48.25359726,9.010000229,602.6516724,,,,
2024-12-10,174.0288696,81.21890259,47.8058815,8.909999847,600.7779541,,,,
2024-12-11,172.7410126,79.81789398,48.22375107,9.050000191,605.4223633,,,,
2024-12-12,171.572052,82.68947601,47.94517136,8.68999958,602.3028564,,,,
2024-12-13,171.7503662,82.4609375,47.39796448,8.550000191,602.1832886,,,,
2024-12-16,170.0266266,82.21253204,46.36325073,8.579999924,604.7545776,,,,
2024-12-17,173.7415924,80.73203278,46.32345581,8.579999924,602.2629395,,,,
2024-12-18,171.4036407,78.2877121,45.78619766,8.220000267,584.3134155,,,,
2024-12-19,169.9176483,79.59929657,45.12955093,8.180000305,584.1339722,,,,
2024-12-20,173.9397278,80.84133148,46.89056015,8.210000038,591.1500244,,,,
2024-12-23,176.723465,81.18909454,47.59695053,8.340000153,594.6900024,,,,
2024-12-24,178.3184204,81.7256546,47.87552643,8.359999657,601.2999878,,,,
2024-12-26,177.5258942,82.22246552,47.9551239,8.369999886,601.3400269,,,,
2024-12-27,176.3470154,81.7256546,48.31329346,8.449999809,595.0100098,,,,
2024-12-30,174.5539246,80.9903717,48.21379852,8.479999542,588.2199707,,,,
2024-12-31,176.039917,81.35800934,49.15897369,8.470000267,586.0800171,,,,
2025-01-02,177.7636566,81.25865173,49.55694199,8.68999958,584.6400146,,,,
2025-01-03,179.5270233,81.68590546,50.25338364,9.020000458,591.9500122,,,,
2025-01-06,178.4174957,81.46730804,50.51206589,8.909999847,595.3599854,,,,
2025-01-07,177.8528137,81.6163559,51.2881012,8.840000153,588.6300049,,,,
2025-01-08,176.8324432,82.29202271,50.92993164,8.699999809,589.4899902,,,,
2025-01-10,173.5335541,79.73840332,51.03937149,8.600000381,580.4899902,,,,
2025-01-13,175.0888824,81.38782501,52.41236115,8.619999886,581.3900146,,,,
2025-01-14,173.9100037,83.29558563,51.81541061,8.68999958,582.1900024,,,,
2025-01-15,171.3500061,84.38857269,52.43225861,8.930000305,592.7800293,,,,
2025-01-16,173.6999969,85.342453,52.03429031,8.899999619,591.6400146,,,,
2025-01-17,171.5599976,86.22677612,51.70597076,8.869999886,597.5800171,,,,
2025-01-21,172.6100006,86.32613373,50.29318237,8.909999847,603.0499878,,,,
2025-01-22,169.1999969,85.21327972,49.94496155,8.960000038,606.4400024,,,,
2025-01-23,170.6699982,86.20690918,50.0842514,8.979999542,609.75,,,,
2025-01-24,170.3000031,85.48155975,49.03958511,8.949999809,607.9699707,,,,
2025-01-27,176.8999939,86.40562439,49.30821228,8.779999733,599.3699951,,,,
2025-01-28,174.8099976,85.13378906,48.75105667,8.720000267,604.5200195,,,,
2025-01-29,175.2599945,86.08766937,48.58192444,8.819999695,601.8099976,,,,
2025-01-30,175.6499939,86.44537354,48.67146301,8.729999542,605.039978,,,,
2025-01-31,183.8999939,85.95849609,46.4129982,8.960000038,601.8200073,,,,
2025-02-03,190.1399994,84.94499969,46.13441849,9.220000267,597.7700195,,,,
2025-02-04,189.9499969,84.62999725,47.34822083,9.680000305,601.7800293,,,,
2025-02-05,191.75,85,47.11938858,9.949999809,604.2199707,,,,
2025-02-06,192.9700012,83.66999817,46.74131775,9.579999924,606.3200073,,,,
2025-02-07,190.6000061,83.91999817,46.54233551,9.529999733,600.7700195,,,,
2025-02-10,190.3399963,83.08000183,48.13420868,9.630000114,604.8499756,,,,
2025-02-11,191.8300018,83.16999817,48.36304092,9.569999695,605.3099976,,,,
2025-02-12,193,82.73000336,47.5870018,9.590000153,603.3599854,,,,
2025-02-13,193.4499969,82.33999634,47.63674927,9.430000305,609.7299805,,,,
2025-02-14,192.8699951,81.69999695,47.81583405,9.739999771,609.7000122,,,,
2025-02-18,196.25,82.43000031,48.59186935,9.75,611.4899902,,,,
2025-02-19,197.3500061,83.06999969,50.7309494,8.550000191,612.9299927,,,,
2025-02-20,200.8800049,82.73999786,51.82535934,8.539999962,610.3800049,,,,
2025-02-21,202.0800018,81.01000214,50.16384125,8.520000458,599.9400024,,,,
2025-02-24,204.0800018,81.20999908,49.60668945,8.520000458,597.210022,,,,
2025-02-25,204.1399994,82.19999695,48.64161682,8.569999695,594.2399902,,,,
2025-02-26,203.0099945,82.54000092,48.30334473,8.579999924,594.539978,,,,
2025-02-27,205.0200043,84.05000305,48.40283585,8.489999771,585.0499878,,,,
2025-02-28,209.0299988,86.18000031,48.59186935,8.090000153,594.1799927,,,,
2025-03-03,211.4799957,85.69999695,46.21401215,7.96999979,583.7700195,,,,
2025-03-04,207.7599945,81.55999756,46.2936058,8.039999962,576.8599854,,,,
2025-03-05,211.5399933,83.05999756,45.27878571,8.300000191,583.0599976,,,,
2025-03-06,210.75,82.22000122,45.47777176,8.229999542,572.710022,,,,
2025-03-07,214.2899933,82.25,47,8.18999958,575.9199829,,,,
2025-03-10,216.6600037,79.18000031,47.36000061,8.340000153,560.5800171,,,,
2025-03-11,213.5899963,78.44999695,46.27999878,8.430000305,555.9199829,,,,
2025-03-12,212.0599976,79.18000031,46.09999847,8.779999733,558.8699951,,,,
