Date / Ticker,AAPL.MX,LLY.MX,MSFT.MX
02/01/2020,1409.02,2463.31,3013.37
03/01/2020,1407.70,2491.71,3016.97
06/01/2020,1412.88,2491.71,2984.60
07/01/2020,1410.88,2491.71,2977.68
08/01/2020,1422.84,2491.71,3023.59
09/01/2020,1455.59,2491.71,3033.75
10/01/2020,1455.07,2617.15,3028.59
13/01/2020,1481.52,2617.15,3052.39
14/01/2020,1468.06,2617.15,3040.55
15/01/2020,1457.87,2617.15,3059.27
16/01/2020,1477.04,2617.15,3104.48
17/01/2020,1483.77,2617.15,3108.87
20/01/2020,1482.18,2617.15,3151.46
21/01/2020,1479.57,2617.15,3116.76
22/01/2020,1480.66,2617.15,3116.75
23/01/2020,1495.06,2617.15,3115.92
24/01/2020,1493.56,2617.15,3098.59
27/01/2020,1460.24,2606.83,3063.37
28/01/2020,1483.83,2603.59,3090.61
29/01/2020,1513.53,2624.27,3104.58
30/01/2020,1512.03,2677.99,3228.28
31/01/2020,1464.59,2677.99,3210.82
04/02/2020,1485.08,2671.12,3354.47
05/02/2020,1493.17,2730.91,3329.90
06/02/2020,1513.78,2730.92,3413.84
07/02/2020,1506.98,2730.92,3451.23
10/02/2020,1502.74,2730.92,3526.06
11/02/2020,1493.75,2730.92,3424.04
12/02/2020,1521.46,2730.92,3414.84
13/02/2020,1507.73,2731.65,3412.83
14/02/2020,1503.80,2731.65,3417.16
17/02/2020,1527.29,2731.65,3400.22
18/02/2020,1479.92,2609.31,3475.75
19/02/2020,1499.03,2609.31,3468.06
20/02/2020,1504.65,2609.31,3456.44
21/02/2020,1475.28,2678.37,3368.05
24/02/2020,1425.25,2678.37,3268.16
25/02/2020,1378.14,2622.99,3214.53
26/02/2020,1399.40,2622.99,3265.74
27/02/2020,1337.32,2592.08,3088.35
28/02/2020,1316.77,2412.63,3120.80
02/03/2020,1429.86,2412.63,3300.63
03/03/2020,1403.22,2412.63,3191.83
04/03/2020,1462.12,2700.74,3293.90
05/03/2020,1455.64,2763.37,3311.36
06/03/2020,1450.81,2763.37,3237.74
09/03/2020,1442.22,2763.37,3207.79
10/03/2020,1468.46,2874.22,3301.27
11/03/2020,1470.40,2874.22,3270.13
12/03/2020,1360.60,2874.22,3042.39
13/03/2020,1480.26,2874.22,3395.42
17/03/2020,1469.31,2874.22,3339.88
18/03/2020,1457.47,2874.22,3289.23
19/03/2020,1473.61,2874.22,3456.55
20/03/2020,1412.87,2874.22,3392.38
23/03/2020,1403.95,2874.22,3388.77
24/03/2020,1519.65,2874.22,3662.68
25/03/2020,1496.21,2970.92,3575.71
26/03/2020,1479.67,2970.92,3568.19
27/03/2020,1459.03,3121.71,3540.06
30/03/2020,1531.24,3352.76,3857.84
31/03/2020,1499.63,3284.78,3748.55
01/04/2020,1463.85,3284.78,3702.43
02/04/2020,1476.85,3369.71,3749.70
03/04/2020,1489.86,3449.46,3803.77
06/04/2020,1594.94,3489.34,4060.31
07/04/2020,1581.89,3489.34,3981.08
08/04/2020,1596.00,3497.32,3949.54
13/04/2020,1609.76,3404.42,3890.93
14/04/2020,1682.17,3504.29,4067.86
15/04/2020,1707.91,3638.88,4138.51
16/04/2020,1731.15,3741.57,4268.20
17/04/2020,1674.00,3698.70,4209.36
20/04/2020,1670.77,3852.23,4218.74
21/04/2020,1637.71,3852.23,4098.14
22/04/2020,1689.86,3858.21,4240.43
23/04/2020,1703.58,3927.00,4226.00
24/04/2020,1761.57,3927.00,4345.62
27/04/2020,1748.67,4036.67,4307.69
28/04/2020,1698.93,3995.79,4135.25
29/04/2020,1713.76,3995.79,4206.24
30/04/2020,1760.78,3684.40,4294.88
04/05/2020,1763.51,3668.79,4315.73
05/05/2020,1786.47,3683.75,4330.60
06/05/2020,1828.87,3683.75,4436.46
07/05/2020,1823.18,3682.75,4399.14
08/05/2020,1837.72,3682.75,4376.56
11/05/2020,1883.89,3783.44,4470.22
12/05/2020,1894.31,3838.27,4430.37
13/05/2020,1850.63,3806.37,4330.01
14/05/2020,1835.09,3772.21,4260.09
15/05/2020,1835.56,3790.16,4375.15
18/05/2020,1869.01,3724.35,4385.03
19/05/2020,1858.66,3724.35,4343.53
20/05/2020,1843.12,3529.90,4277.41
21/05/2020,1814.07,3464.09,4171.13
22/05/2020,1810.41,3464.09,4176.49
25/05/2020,1802.75,3464.09,4182.10
26/05/2020,1756.49,3464.09,4031.11
27/05/2020,1769.75,3464.09,4030.03
28/05/2020,1768.27,3343.44,4007.58
29/05/2020,1773.93,3343.44,4066.41
01/06/2020,1771.77,3354.09,4020.55
02/06/2020,1750.40,3290.59,4000.59
03/06/2020,1767.75,3294.58,4020.17
04/06/2020,1761.79,3294.58,3997.09
05/06/2020,1785.94,3218.79,4031.16
08/06/2020,1793.25,3218.79,4037.35
09/06/2020,1875.30,3218.79,4131.82
10/06/2020,1918.09,3284.19,4284.90
11/06/2020,1910.55,3241.73,4233.63
12/06/2020,1891.08,3206.83,4174.96
15/06/2020,1899.57,3157.97,4192.51
16/06/2020,1957.02,3157.97,4307.63
17/06/2020,1967.87,3561.81,4336.04
18/06/2020,1997.14,3579.71,4454.77
19/06/2020,1960.22,3579.71,4422.27
22/06/2020,2014.32,3538.88,4488.86
23/06/2020,2058.46,3538.88,4518.74
24/06/2020,2044.72,3538.88,4486.88
25/06/2020,2063.25,3655.54,4521.87
26/06/2020,2048.62,3677.48,4527.78
29/06/2020,2080.89,3726.34,4566.47
30/06/2020,2096.88,3726.34,4656.87
01/07/2020,2070.76,3726.34,4659.39
02/07/2020,2049.41,3654.55,4653.80
03/07/2020,2078.53,3654.55,4626.82
06/07/2020,2087.41,3654.55,4709.38
07/07/2020,2128.81,3654.55,4764.44
08/07/2020,2158.24,3797.14,4823.53
09/07/2020,2158.10,3819.07,4833.53
10/07/2020,2147.88,3605.67,4785.61
13/07/2020,2169.90,3769.22,4709.64
14/07/2020,2177.15,3769.22,4654.52
15/07/2020,2176.22,3769.22,4627.94
16/07/2020,2166.01,3689.45,4571.90
17/07/2020,2180.79,3812.56,4581.35
20/07/2020,2208.98,3788.16,4757.01
21/07/2020,2166.98,3788.16,4647.30
22/07/2020,2174.21,3788.16,4720.74
23/07/2020,2084.79,3788.16,4557.25
24/07/2020,2060.95,3349.97,4471.19
27/07/2020,2080.89,3531.90,4473.55
28/07/2020,2049.64,3568.79,4432.04
29/07/2020,2084.96,3568.79,4485.05
30/07/2020,2120.82,3351.11,4488.28
31/07/2020,2360.90,3351.11,4539.32
03/08/2020,2461.61,3465.09,4900.27
04/08/2020,2488.40,3465.09,4817.45
05/08/2020,2455.74,3430.19,4734.61
06/08/2020,2546.04,3460.10,4817.18
07/08/2020,2485.76,3493.85,4745.34
10/08/2020,2529.37,3493.85,4653.73
11/08/2020,2451.50,3490.02,4569.70
12/08/2020,2519.59,3490.02,4652.73
13/08/2020,2552.19,3490.75,4623.66
14/08/2020,2517.12,3315.22,4570.28
17/08/2020,2539.76,3345.14,4647.23
18/08/2020,2554.66,3345.14,4665.47
19/08/2020,2565.75,3345.14,4637.22
20/08/2020,2612.55,3379.05,4734.17
21/08/2020,2727.79,3379.05,4669.23
24/08/2020,2762.40,3281.30,4693.23
25/08/2020,2731.68,3287.84,4721.61
26/08/2020,2764.78,3230.94,4834.89
27/08/2020,2770.89,3230.94,5045.59
28/08/2020,2734.80,3195.84,4963.35
31/08/2020,2843.90,3242.41,4933.07
01/09/2020,2919.74,3185.56,4938.79
02/09/2020,2854.55,3244.20,5034.67
03/09/2020,2628.35,3244.20,4705.21
04/09/2020,2613.06,3222.46,4624.87
07/09/2020,2689.02,3222.46,4519.64
08/09/2020,2467.23,3245.57,4424.46
09/09/2020,2504.94,3245.57,4514.62
10/09/2020,2441.82,3245.57,4415.54
11/09/2020,2375.61,3245.57,4336.64
14/09/2020,2432.46,3245.57,4327.85
15/09/2020,2428.08,3131.70,4366.99
17/09/2020,2298.86,3131.70,4213.82
18/09/2020,2264.28,3131.70,4221.36
21/09/2020,2341.61,3131.70,4287.82
22/09/2020,2431.90,3220.47,4492.51
23/09/2020,2402.91,3325.19,4480.10
24/09/2020,2396.47,3273.33,4469.79
25/09/2020,2497.90,3335.74,4633.74
28/09/2020,2569.25,3351.12,4676.30
29/09/2020,2553.42,3265.35,4661.60
30/09/2020,2562.92,3265.35,4653.23
01/10/2020,2536.60,3265.35,4613.91
02/10/2020,2454.02,3301.26,4471.73
05/10/2020,2486.04,3111.76,4487.39
06/10/2020,2452.81,3111.76,4452.66
07/10/2020,2473.38,3178.08,4517.08
08/10/2020,2456.10,3280.97,4477.42
09/10/2020,2456.10,3280.97,4477.42
12/10/2020,2635.50,3270.34,4693.55
13/10/2020,2590.70,3180.23,4766.77
14/10/2020,2589.56,3146.67,4702.30
15/10/2020,2569.88,3111.76,4661.56
16/10/2020,2516.87,3092.81,4650.72
19/10/2020,2516.87,3092.81,4650.72
20/10/2020,2481.41,3042.54,4543.81
21/10/2020,2473.38,2992.07,4552.22
22/10/2020,2434.79,2959.16,4503.95
23/10/2020,2396.68,3005.04,4498.51
26/10/2020,2396.60,3005.04,4375.06
27/10/2020,2444.13,2769.66,4481.45
28/10/2020,2374.00,2792.60,4317.57
29/10/2020,2477.48,2829.71,4390.51
30/10/2020,2300.77,2735.70,4278.56
03/11/2020,2354.83,2801.58,4382.24
04/11/2020,2416.61,3156.05,4532.85
05/11/2020,2458.27,3002.57,4609.96
06/11/2020,2437.58,3002.57,4594.32
09/11/2020,2383.79,3002.57,4479.29
10/11/2020,2368.94,2995.86,4278.82
11/11/2020,2445.27,2995.86,4441.95
12/11/2020,2457.30,2996.60,4427.41
13/11/2020,2432.57,2996.60,4410.19
17/11/2020,2423.94,2996.60,4340.74
18/11/2020,2402.53,2860.93,4299.34
19/11/2020,2382.84,2860.93,4279.05
20/11/2020,2355.80,2923.68,4234.99
23/11/2020,2296.51,2866.07,4230.04
24/11/2020,2307.01,2992.81,4256.96
25/11/2020,2316.54,2992.81,4256.04
26/11/2020,2336.98,2992.81,4289.88
27/11/2020,2331.26,2967.87,4313.85
30/11/2020,2414.65,2923.98,4297.80
01/12/2020,2456.19,2907.57,4320.88
02/12/2020,2460.24,2921.98,4293.88
03/12/2020,2442.36,2921.98,4255.11
04/12/2020,2408.76,2920.19,4213.04
07/12/2020,2451.24,2920.19,4236.14
08/12/2020,2463.44,2920.19,4270.31
09/12/2020,2416.99,3114.02,4199.78
10/12/2020,2466.07,3114.02,4209.24
11/12/2020,2456.40,3114.02,4279.90
14/12/2020,2462.76,3242.21,4320.79
15/12/2020,2537.09,3282.98,4254.62
16/12/2020,2539.76,3422.78,4360.77
17/12/2020,2545.67,3421.78,4343.87
18/12/2020,2523.19,3421.78,4342.64
21/12/2020,2550.63,3361.93,4428.79
22/12/2020,2654.49,3359.93,4498.71
23/12/2020,2630.01,3319.80,4444.53
24/12/2020,2616.91,3299.33,4408.55
28/12/2020,2739.08,3322.02,4506.85
29/12/2020,2686.24,3322.02,4468.18
30/12/2020,2663.96,3322.02,4404.11
31/12/2020,2638.27,3319.03,4397.70
04/01/2021,2581.94,3267.15,4337.73
05/01/2021,2601.95,3267.15,4319.36
06/01/2021,2489.47,3235.30,4180.42
07/01/2021,2627.07,3332.00,4372.64
08/01/2021,2634.73,3332.00,4383.86
11/01/2021,2584.09,3681.16,4356.81
12/01/2021,2548.83,3540.50,4249.97
13/01/2021,2595.18,3540.50,4290.39
14/01/2021,2537.45,3689.14,4187.65
15/01/2021,2515.91,3780.92,4209.71
18/01/2021,2536.89,3780.92,4241.98
19/01/2021,2511.16,3890.66,4248.98
20/01/2021,2588.39,3890.66,4403.51
21/01/2021,2698.34,3990.42,4438.80
22/01/2021,2781.21,4100.15,4507.94
25/01/2021,2867.85,4237.37,4604.19
26/01/2021,2853.64,4220.86,4644.79
27/01/2021,2869.26,4194.93,4697.36
28/01/2021,2776.62,4194.93,4820.89
29/01/2021,2716.47,4189.94,4762.00
02/02/2021,2723.46,3988.85,4821.66
03/02/2021,2710.74,4034.22,4917.98
04/02/2021,2797.86,4095.54,4911.86
05/02/2021,2743.93,4095.54,4859.09
08/02/2021,2740.64,4127.41,4834.89
09/02/2021,2731.67,4027.27,4897.58
10/02/2021,2706.90,4101.91,4865.80
11/02/2021,2687.27,4058.52,4856.66
12/02/2021,2696.26,4102.84,4864.61
15/02/2021,2695.86,4102.84,4880.75
16/02/2021,2682.97,4102.84,4896.64
17/02/2021,2644.60,4091.11,4922.42
18/02/2021,2636.00,4116.22,4931.25
19/02/2021,2656.71,4116.22,4928.80
22/02/2021,2616.33,4094.01,4854.38
23/02/2021,2586.00,4144.90,4809.46
24/02/2021,2545.14,4144.90,4769.64
25/02/2021,2541.47,4223.53,4788.59
26/02/2021,2582.79,4309.54,4883.00
01/03/2021,2632.11,4257.11,4882.76
02/03/2021,2577.59,4222.37,4817.41
03/03/2021,2559.73,4220.75,4749.36
04/03/2021,2532.85,4230.72,4778.49
05/03/2021,2587.45,4365.12,4926.98
08/03/2021,2511.10,4430.28,4894.00
09/03/2021,2565.19,4369.41,4963.11
10/03/2021,2508.50,4369.41,4870.41
11/03/2021,2509.12,4249.57,4895.45
12/03/2021,2504.22,4291.58,4874.21
16/03/2021,2587.67,3915.41,4895.27
17/03/2021,2541.70,3798.66,4825.50
18/03/2021,2467.20,3756.76,4715.02
19/03/2021,2467.36,3751.77,4726.86
22/03/2021,2539.87,3808.64,4843.98
23/03/2021,2541.81,3845.56,4936.42
24/03/2021,2520.02,3751.77,4931.17
25/03/2021,2490.29,3751.77,4813.86
26/03/2021,2478.29,3751.77,4845.21
29/03/2021,2502.34,3861.53,4841.10
30/03/2021,2463.07,3830.59,4755.94
31/03/2021,2501.42,3819.93,4824.67
05/04/2021,2554.49,3751.77,5042.95
06/04/2021,2545.06,3706.87,4990.77
07/04/2021,2578.55,3677.93,5037.24
08/04/2021,2613.23,3677.93,5075.99
09/04/2021,2673.59,3691.90,5125.72
12/04/2021,2641.20,3671.94,5153.87
13/04/2021,2700.88,3651.99,5180.20
14/04/2021,2646.20,3669.95,5121.89
15/04/2021,2676.10,3711.85,5176.46
16/04/2021,2666.78,3711.85,5185.29
19/04/2021,2663.81,3753.45,5114.01
20/04/2021,2653.28,3753.45,5145.72
21/04/2021,2655.52,3787.49,5179.20
22/04/2021,2631.31,3787.49,5112.12
23/04/2021,2668.72,3722.83,5175.74
26/04/2021,2674.05,3721.15,5181.80
27/04/2021,2694.43,3661.96,5257.25
28/04/2021,2662.30,3584.85,5060.54
29/04/2021,2670.15,3635.02,5059.62
30/04/2021,2659.64,3696.89,5079.39
03/05/2021,2669.01,3748.77,5067.06
04/05/2021,2576.91,3791.68,4994.52
05/05/2021,2601.48,3911.42,5003.47
06/05/2021,2597.40,3886.47,4995.23
07/05/2021,2591.17,3897.67,5021.09
10/05/2021,2532.22,3897.67,4931.33
11/05/2021,2511.88,3897.67,4910.28
12/05/2021,2466.33,3874.41,4813.33
13/05/2021,2501.77,3830.02,4866.36
14/05/2021,2536.45,3901.40,4930.49
17/05/2021,2483.17,3837.88,4834.78
18/05/2021,2476.36,3837.88,4836.13
19/05/2021,2479.99,3912.27,4821.97
20/05/2021,2528.58,3952.19,4900.08
21/05/2021,2503.57,3992.12,4887.76
24/05/2021,2525.48,4018.06,4967.96
25/05/2021,2523.93,3966.03,4995.37
26/05/2021,2516.26,4012.08,4976.74
27/05/2021,2508.56,3932.23,4996.69
28/05/2021,2486.50,3975.15,4981.04
31/05/2021,2497.33,3975.15,4877.35
01/06/2021,2481.69,3967.16,4935.54
02/06/2021,2483.69,3946.51,4904.74
03/06/2021,2485.93,4042.02,4933.53
04/06/2021,2503.86,3996.11,4996.42
07/06/2021,2494.43,4361.39,5010.61
08/06/2021,2498.08,4319.47,4974.96
09/06/2021,2504.05,4425.26,5000.20
10/06/2021,2483.85,4603.91,5050.64
11/06/2021,2525.83,4440.23,5103.83
14/06/2021,2592.02,4469.17,5161.00
15/06/2021,2597.75,4469.17,5170.53
16/06/2021,2638.47,4469.17,5217.97
17/06/2021,2698.20,4511.76,5336.59
18/06/2021,2695.65,4511.09,5365.25
21/06/2021,2703.87,4550.68,5364.71
22/06/2021,2723.44,4498.15,5394.98
23/06/2021,2697.66,4418.28,5355.64
24/06/2021,2650.96,4617.88,5296.26
25/06/2021,2633.31,4554.50,5270.33
28/06/2021,2666.76,4554.50,5307.89
29/06/2021,2696.86,4529.55,5374.05
30/06/2021,2727.88,4573.75,5391.03
01/07/2021,2737.41,4635.37,5422.00
02/07/2021,2761.89,4635.37,5479.35
05/07/2021,2752.05,4635.37,5550.78
06/07/2021,2839.62,4690.73,5543.11
07/07/2021,2882.54,4690.73,5580.23
08/07/2021,2855.36,4714.15,5537.42
09/07/2021,2876.53,4662.07,5504.36
12/07/2021,2867.96,4685.75,5501.09
13/07/2021,2921.15,4715.69,5623.80
14/07/2021,2956.98,4715.69,5616.49
15/07/2021,2953.64,4715.69,5590.98
16/07/2021,2906.12,4590.93,5580.40
19/07/2021,2847.96,4651.81,5534.76
20/07/2021,2948.67,4723.05,5633.60
21/07/2021,2924.69,4723.05,5653.61
22/07/2021,2946.51,4787.54,5735.49
23/07/2021,2977.51,4787.54,5790.30
26/07/2021,2982.52,4787.54,5775.64
27/07/2021,2923.45,4787.54,5708.69
28/07/2021,2889.35,4924.66,5690.51
29/07/2021,2888.39,4924.66,5683.66
30/07/2021,2902.54,4924.66,5670.41
02/08/2021,2894.29,4871.53,5665.59
03/08/2021,2925.22,4871.53,5692.53
04/08/2021,2938.97,4871.53,5724.37
05/08/2021,2920.22,4871.53,5750.55
06/08/2021,2924.27,4871.53,5790.38
09/08/2021,2929.65,4871.53,5781.80
10/08/2021,2919.02,4871.53,5731.14
11/08/2021,2903.65,5272.20,5705.53
12/08/2021,2963.50,5273.04,5765.43
13/08/2021,2955.63,5273.04,5809.34
16/08/2021,2999.52,5273.04,5848.93
17/08/2021,2998.78,5390.22,5846.57
18/08/2021,2932.15,5438.14,5829.75
19/08/2021,2957.25,5440.13,5979.67
20/08/2021,3011.57,5440.13,6196.31
23/08/2021,3041.77,5450.11,6192.87
24/08/2021,3020.00,5450.11,6108.31
25/08/2021,3007.59,5450.11,6115.43
26/08/2021,3005.25,5347.57,6087.35
27/08/2021,2995.18,5347.57,6047.37
30/08/2021,3081.98,5347.57,6107.93
31/08/2021,3050.87,5347.57,6073.09
01/09/2021,3046.85,5347.57,6044.54
02/09/2021,3062.84,5347.57,6000.61
03/09/2021,3070.05,5347.57,5999.60
06/09/2021,3093.63,5347.57,5999.60
07/09/2021,3124.69,5347.57,5970.66
08/09/2021,3081.86,5075.79,5965.25
09/09/2021,3071.28,5075.79,5917.35
10/09/2021,2961.16,4772.34,5878.64
13/09/2021,2967.36,4704.47,5886.85
14/09/2021,2947.79,4704.47,5955.19
15/09/2021,2960.47,4721.44,6047.41
17/09/2021,2919.69,4672.52,5994.65
20/09/2021,2867.82,4672.52,5898.37
21/09/2021,2892.73,4636.83,5927.72
22/09/2021,2927.80,4572.71,5981.87
23/09/2021,2938.50,4656.55,5997.61
24/09/2021,2949.76,4656.55,5995.94
27/09/2021,2921.09,4559.23,5911.01
28/09/2021,2892.26,4559.23,5782.13
29/09/2021,2933.12,4724.98,5827.76
30/09/2021,2932.13,4783.42,5818.16
01/10/2021,2903.83,4689.04,5917.74
04/10/2021,2840.88,4689.04,5774.95
05/10/2021,2905.93,4752.38,5935.63
06/10/2021,2907.74,4752.38,6011.32
07/10/2021,2956.01,4741.40,6081.61
08/10/2021,2958.02,4861.18,6104.57
11/10/2021,2981.98,4886.14,6150.34
12/10/2021,2934.39,4843.21,6080.25
13/10/2021,2895.25,4894.12,6087.62
14/10/2021,2949.10,4824.25,6211.81
15/10/2021,2940.42,4824.25,6172.69
18/10/2021,2986.59,4900.46,6249.66
19/10/2021,3006.11,4900.46,6222.27
20/10/2021,3005.14,4927.42,6183.01
21/10/2021,3029.94,4872.68,6285.56
22/10/2021,3002.60,4872.68,6245.23
25/10/2021,2993.96,4954.01,6209.73
26/10/2021,3019.84,4993.94,6254.82
27/10/2021,3026.94,5058.57,6569.17
28/10/2021,3104.48,5115.72,6593.38
29/10/2021,3080.48,5231.51,6789.90
01/11/2021,3096.29,5231.52,6832.35
03/11/2021,3123.85,5231.52,6879.68
04/11/2021,3102.79,5231.52,6899.68
05/11/2021,3070.97,5358.28,6833.31
08/11/2021,3057.33,5358.28,6838.18
09/11/2021,3061.17,5277.43,6821.67
10/11/2021,3052.08,5445.12,6818.32
11/11/2021,3057.02,5445.12,6866.18
12/11/2021,3071.60,5445.97,6906.69
16/11/2021,3128.04,5346.14,7031.40
17/11/2021,3175.39,5346.14,7006.14
18/11/2021,3287.47,5351.13,7086.70
19/11/2021,3343.69,5447.97,7144.21
22/11/2021,3395.93,5447.97,7189.39
23/11/2021,3414.72,5551.57,7150.90
24/11/2021,3461.43,5551.57,7222.81
25/11/2021,3486.78,5551.57,7269.27
26/11/2021,3442.16,5551.57,7239.12
29/11/2021,3470.63,5507.47,7293.02
30/11/2021,3531.61,5401.04,7109.50
01/12/2021,3551.18,5377.09,7100.06
02/12/2021,3479.94,5251.29,7000.05
03/12/2021,3424.36,5251.29,6847.65
06/12/2021,3511.21,5251.29,6925.95
07/12/2021,3577.47,5291.23,6999.71
08/12/2021,3660.03,5131.48,6982.84
09/12/2021,3662.84,5131.49,6979.64
10/12/2021,3730.16,5100.54,7120.84
13/12/2021,3707.94,5103.58,7137.19
14/12/2021,3707.83,5280.25,6962.30
15/12/2021,3759.18,5735.64,7012.71
16/12/2021,3589.72,5795.39,6767.76
17/12/2021,3559.06,5547.63,6700.84
20/12/2021,3517.65,5547.63,6630.50
21/12/2021,3588.52,5483.91,6781.69
22/12/2021,3624.61,5507.87,6870.43
23/12/2021,3641.91,5619.68,6913.20
24/12/2021,3662.90,5619.68,6997.85
27/12/2021,3725.57,5619.68,7058.88
28/12/2021,3700.02,5693.56,7035.57
29/12/2021,3693.87,5693.56,7038.21
30/12/2021,3656.93,5683.58,6961.52
31/12/2021,3640.91,5678.58,6888.35
03/01/2022,3716.25,5515.86,6825.27
04/01/2022,3697.85,5613.31,6741.21
05/01/2022,3600.79,5378.08,6525.68
06/01/2022,3527.74,5311.20,6448.12
07/01/2022,3510.31,5311.20,6400.01
10/01/2022,3491.25,5291.18,6369.09
11/01/2022,3565.00,5291.18,6411.73
12/01/2022,3565.22,5140.48,6468.91
13/01/2022,3507.75,5140.48,6206.29
14/01/2022,3509.06,4949.79,6302.24
17/01/2022,3503.76,4949.79,6498.78
18/01/2022,3466.24,5054.62,6164.92
19/01/2022,3410.03,5110.20,6216.82
20/01/2022,3384.67,5046.33,6212.77
21/01/2022,3329.45,4956.77,6082.25
24/01/2022,3293.24,4956.77,6074.04
25/01/2022,3308.68,4956.77,5999.49
26/01/2022,3299.45,4911.86,6134.40
27/01/2022,3308.99,4911.86,6248.02
28/01/2022,3533.29,5014.90,6354.96
31/01/2022,3589.89,5031.66,6370.30
01/02/2022,3583.27,5031.66,6325.27
02/02/2022,3604.00,5163.81,6435.77
03/02/2022,3568.65,5035.74,6201.47
04/02/2022,3572.52,5036.65,6328.53
08/02/2022,3604.86,5036.65,6262.81
09/02/2022,3600.35,4966.77,6355.97
10/02/2022,3542.57,4966.77,6212.59
11/02/2022,3466.13,4966.77,6048.77
14/02/2022,3437.74,4795.99,6025.37
15/02/2022,3508.09,4795.99,6108.37
16/02/2022,3496.67,4967.88,6082.86
17/02/2022,3432.54,4967.88,5898.69
18/02/2022,3392.01,4967.88,5858.78
21/02/2022,3302.77,4967.88,5702.16
22/02/2022,3332.74,4860.90,5817.98
23/02/2022,3243.08,4860.90,5686.20
24/02/2022,3321.26,4973.74,6019.31
25/02/2022,3351.81,4973.74,6049.64
28/02/2022,3360.74,5111.85,6069.22
01/03/2022,3360.91,5111.85,6050.62
02/03/2022,3435.59,5224.87,6181.53
03/03/2022,3419.06,5224.87,6093.31
04/03/2022,3415.51,5443.38,6038.50
07/03/2022,3401.87,5443.38,5963.99
08/03/2022,3361.79,5670.22,5870.55
09/03/2022,3405.39,5491.98,6017.49
10/03/2022,3317.10,5564.33,5956.22
11/03/2022,3241.96,5631.77,5855.66
14/03/2022,3147.74,5631.77,5779.87
15/03/2022,3230.76,5730.63,5975.53
16/03/2022,3272.44,5704.08,6033.31
17/03/2022,3277.72,5811.89,6042.44
18/03/2022,3342.88,5859.93,6109.51
22/03/2022,3420.33,5859.93,6156.63
23/03/2022,3440.76,5776.62,6053.96
24/03/2022,3484.55,5760.44,6085.69
25/03/2022,3476.39,5760.44,6040.56
28/03/2022,3517.07,5812.51,6219.25
29/03/2022,3560.75,5812.51,6282.77
30/03/2022,3520.13,5800.13,6212.19
31/03/2022,3489.84,5800.13,6158.33
01/04/2022,3443.07,5800.13,6083.99
04/04/2022,3531.33,5781.56,6224.61
05/04/2022,3487.60,5781.56,6201.47
06/04/2022,3457.82,6141.03,6036.70
07/04/2022,3475.59,6240.88,6096.26
08/04/2022,3409.15,6245.88,5952.60
11/04/2022,3299.76,6214.38,5673.84
12/04/2022,3319.86,6214.38,5576.47
13/04/2022,3369.78,5971.28,5691.18
18/04/2022,3259.53,5926.82,5533.14
19/04/2022,3356.23,5958.18,5719.86
20/04/2022,3337.67,5798.74,5745.12
21/04/2022,3359.27,5835.48,5662.12
22/04/2022,3289.38,5670.89,5578.32
25/04/2022,3281.00,5670.72,5652.65
26/04/2022,3204.11,5761.81,5517.26
27/04/2022,3196.23,5811.51,5788.06
28/04/2022,3344.58,6120.06,5918.55
29/04/2022,3224.64,5970.65,5655.20
02/05/2022,3226.94,5970.65,5814.01
03/05/2022,3218.13,5836.48,5694.98
04/05/2022,3321.04,5891.34,5810.61
05/05/2022,3159.97,5888.20,5588.77
06/05/2022,3173.63,5888.20,5512.51
09/05/2022,3092.03,5891.40,5370.24
10/05/2022,3147.32,5828.49,5484.19
11/05/2022,2969.44,5824.18,5268.46
12/05/2022,2862.91,5840.70,5162.37
13/05/2022,2946.74,5841.68,5234.53
16/05/2022,2909.87,6011.98,5237.01
17/05/2022,2973.08,5973.23,5308.52
18/05/2022,2817.27,5973.23,5083.60
19/05/2022,2733.08,5767.63,5047.82
20/05/2022,2718.81,5872.36,4974.81
23/05/2022,2828.12,5994.25,5147.26
24/05/2022,2780.82,5990.19,5147.34
25/05/2022,2779.89,5990.19,5188.21
26/05/2022,2845.37,6180.01,5263.90
27/05/2022,2914.72,6287.87,5341.14
30/05/2022,2897.37,6287.87,5373.24
31/05/2022,2933.91,6110.51,5373.76
01/06/2022,2943.79,6110.51,5387.22
02/06/2022,2942.68,6110.51,5343.62
03/06/2022,2840.77,5918.35,5295.16
06/06/2022,2858.45,5918.35,5249.10
07/06/2022,2908.39,5918.35,5349.80
08/06/2022,2893.77,5918.35,5256.56
09/06/2022,2816.47,5999.73,5213.71
10/06/2022,2756.47,5982.27,5060.99
13/06/2022,2700.21,5982.27,4962.57
14/06/2022,2739.09,5979.14,5049.39
15/06/2022,2753.87,6019.22,5124.30
16/06/2022,2640.34,6019.22,4982.06
17/06/2022,2680.91,6019.22,5073.62
20/06/2022,2672.89,6019.22,5076.61
21/06/2022,2736.00,6019.22,5113.67
22/06/2022,2715.36,6118.29,5063.61
23/06/2022,2767.11,6118.29,5181.73
24/06/2022,2797.18,6392.52,5277.83
27/06/2022,2812.19,6521.57,5266.27
28/06/2022,2771.58,6521.57,5169.58
29/06/2022,2797.84,6510.58,5228.42
30/06/2022,2746.57,6491.61,5160.54
01/07/2022,2801.90,6578.50,5234.50
04/07/2022,2782.42,6578.50,5234.50
05/07/2022,2897.51,6675.37,5378.23
06/07/2022,2949.21,6811.20,5491.23
07/07/2022,2995.25,6720.31,5491.30
08/07/2022,3003.81,6746.28,5465.26
11/07/2022,2999.93,6841.70,5480.89
12/07/2022,3036.01,6736.29,5254.69
13/07/2022,3019.29,6661.93,5240.49
14/07/2022,3082.61,6796.21,5281.71
15/07/2022,3072.18,6782.93,5252.97
18/07/2022,3011.78,6722.31,5198.46
19/07/2022,3092.39,6722.31,5306.27
20/07/2022,3143.84,6624.12,5384.85
21/07/2022,3202.19,6731.30,5460.60
22/07/2022,3161.03,6715.65,5336.05
25/07/2022,3124.60,6715.65,5282.77
26/07/2022,3095.35,6717.32,5138.72
27/07/2022,3188.30,6616.06,5484.76
28/07/2022,3186.17,6697.34,5606.44
29/07/2022,3315.48,6672.38,5735.89
01/08/2022,3281.12,6672.38,5665.36
02/08/2022,3324.92,6672.38,5701.12
03/08/2022,3401.46,6419.20,5775.69
04/08/2022,3364.93,6195.59,5752.55
05/08/2022,3367.15,6135.07,5765.75
08/08/2022,3339.93,6111.37,5673.89
09/08/2022,3337.33,6111.37,5705.25
10/08/2022,3378.57,6057.77,5790.33
11/08/2022,3364.03,6057.77,5728.09
12/08/2022,3409.46,6063.14,5766.52
15/08/2022,3433.67,6172.02,5827.65
16/08/2022,3439.62,6178.01,5827.67
17/08/2022,3482.99,6327.84,5813.31
18/08/2022,3503.24,6352.82,5856.25
19/08/2022,3456.52,6491.36,5764.47
22/08/2022,3369.46,6491.36,5591.56
23/08/2022,3340.63,6332.84,5513.65
24/08/2022,3334.38,6336.91,5492.91
25/08/2022,3374.90,6426.73,5592.54
26/08/2022,3285.64,6417.74,5393.51
29/08/2022,3239.48,6417.74,5318.71
30/08/2022,3185.80,6417.74,5288.25
31/08/2022,3179.09,6191.00,5285.81
01/09/2022,3175.76,6191.00,5214.00
02/09/2022,3100.51,6033.18,5123.04
05/09/2022,3149.73,6033.18,5123.04
06/09/2022,3103.32,6033.18,5086.73
07/09/2022,3120.03,6173.02,5156.51
08/09/2022,3074.56,6173.02,5116.11
09/09/2022,3132.11,6323.85,5258.94
12/09/2022,3244.46,6323.85,5283.87
13/09/2022,3090.61,6153.04,5058.41
14/09/2022,3101.16,6153.04,5011.73
15/09/2022,3050.36,6232.95,4919.37
19/09/2022,3066.66,6232.95,4846.86
20/09/2022,3135.96,6232.95,4842.44
21/09/2022,3091.74,5946.28,4792.25
22/09/2022,3061.96,5946.28,4838.05
23/09/2022,3027.61,6278.90,4791.30
26/09/2022,3075.21,6278.90,4851.69
27/09/2022,3093.77,6392.77,4829.43
28/09/2022,3018.52,6721.00,4851.85
29/09/2022,2870.10,6721.00,4817.44
30/09/2022,2808.22,6721.00,4712.76
03/10/2022,2853.36,6368.45,4824.93
04/10/2022,2906.85,6539.09,4948.82
05/10/2022,2933.06,6539.09,5003.07
06/10/2022,2925.80,6702.76,4967.02
07/10/2022,2814.06,6542.60,4674.59
10/10/2022,2814.31,6542.60,4581.11
11/10/2022,2785.50,6546.60,4514.42
12/10/2022,2768.64,6546.60,4519.81
13/10/2022,2859.70,6546.60,4678.66
14/10/2022,2779.66,6661.11,4589.74
17/10/2022,2848.14,6661.11,4744.57
18/10/2022,2867.02,6668.46,4769.96
19/10/2022,2882.08,6668.46,4738.18
20/10/2022,2872.36,6668.46,4755.80
21/10/2022,2935.85,6668.46,4821.44
24/10/2022,2974.99,6668.46,4917.17
25/10/2022,3020.06,6982.10,4967.88
26/10/2022,2971.00,6982.10,4604.83
27/10/2022,2872.51,7096.97,4497.13
28/10/2022,3080.70,7096.97,4668.83
31/10/2022,3032.39,7153.86,4593.05
01/11/2022,2972.85,6862.24,4503.40
03/11/2022,2741.37,7111.96,4210.08
04/11/2022,2689.48,6964.12,4302.69
07/11/2022,2701.26,6964.12,4424.82
08/11/2022,2738.25,7158.12,4474.19
09/11/2022,2637.36,7091.98,4395.92
10/11/2022,2824.32,7091.98,4693.05
11/11/2022,2912.42,7091.98,4818.93
14/11/2022,2874.00,6897.15,4680.61
15/11/2022,2903.36,6897.15,4685.70
16/11/2022,2873.17,6897.15,4678.23
17/11/2022,2914.29,6908.81,4668.06
18/11/2022,2943.72,7030.03,4663.29
22/11/2022,2913.17,7030.03,4743.23
23/11/2022,2918.15,7030.03,4775.23
24/11/2022,2899.26,7030.03,4766.42
25/11/2022,2865.84,7030.03,4783.18
28/11/2022,2778.63,7042.23,4646.32
29/11/2022,2705.73,7042.23,4614.85
30/11/2022,2842.26,7038.01,4881.50
01/12/2022,2843.98,7102.95,4890.08
02/12/2022,2857.69,7102.95,4922.05
05/12/2022,2889.08,7102.95,4899.23
06/12/2022,2810.24,7102.95,4818.15
07/12/2022,2768.22,7371.68,4805.16
08/12/2022,2798.03,7225.24,4846.07
09/12/2022,2812.84,7225.24,4865.10
13/12/2022,2843.96,7085.77,5009.25
14/12/2022,2809.06,7130.92,5035.83
15/12/2022,2690.28,7130.92,4918.12
16/12/2022,2673.54,7050.00,4843.97
19/12/2022,2606.88,7050.00,4732.55
20/12/2022,2614.98,7101.98,4785.03
21/12/2022,2656.00,7237.82,4788.10
22/12/2022,2581.03,7127.92,4635.04
23/12/2022,2550.41,7112.94,4600.37
26/12/2022,2628.69,7112.94,4600.37
27/12/2022,2540.06,7096.95,4611.36
28/12/2022,2445.85,7096.95,4553.04
29/12/2022,2528.97,7096.95,4702.27
30/12/2022,2526.07,7096.95,4649.32
02/01/2023,2573.36,7096.95,4670.30
03/01/2023,2428.07,7096.95,4647.32
04/01/2023,2437.07,7096.95,4398.16
05/01/2023,2414.47,6935.14,4295.20
06/01/2023,2478.43,6983.07,4311.66
09/01/2023,2492.64,6866.60,4331.42
10/01/2023,2486.67,6702.35,4347.62
11/01/2023,2519.06,6761.29,4444.11
12/01/2023,2509.48,6741.06,4493.79
13/01/2023,2530.83,6741.06,4481.49
16/01/2023,2512.08,6741.06,4505.46
17/01/2023,2531.47,6741.06,4480.49
18/01/2023,2548.45,6741.06,4456.80
19/01/2023,2567.15,6741.06,4430.54
20/01/2023,2597.86,6488.56,4527.67
23/01/2023,2652.06,6488.56,4564.26
24/01/2023,2670.95,6471.58,4532.91
25/01/2023,2664.45,6471.58,4506.03
26/01/2023,2700.47,6511.28,4645.32
27/01/2023,2743.74,6439.17,4660.31
30/01/2023,2686.71,6363.68,4562.01
31/01/2023,2709.24,6423.62,4641.76
01/02/2023,2717.14,6423.62,4707.51
02/02/2023,2795.04,6165.88,4919.30
03/02/2023,2933.35,6401.59,4885.36
07/02/2023,2919.82,6373.67,5055.90
08/02/2023,2873.78,6475.57,5049.64
09/02/2023,2831.40,6423.62,4945.02
10/02/2023,2810.66,6468.58,4884.74
13/02/2023,2853.17,6468.58,5034.82
14/02/2023,2837.51,6474.70,5046.37
15/02/2023,2880.94,6364.36,4985.65
16/02/2023,2847.49,6095.01,4850.77
17/02/2023,2793.68,6051.33,4722.95
20/02/2023,2788.54,6051.33,4723.88
21/02/2023,2743.48,6040.06,4661.03
22/02/2023,2726.49,6068.04,4610.54
23/02/2023,2745.79,6068.04,4677.84
24/02/2023,2684.06,5945.14,4591.00
27/02/2023,2711.47,5945.14,4585.77
28/02/2023,2713.24,5707.33,4574.29
01/03/2023,2629.61,5707.89,4455.54
02/03/2023,2645.78,5728.31,4548.21
03/03/2023,2708.00,5728.31,4571.04
06/03/2023,2771.64,5717.32,4622.84
07/03/2023,2745.54,5630.39,4594.34
08/03/2023,2745.61,5630.39,4532.40
09/03/2023,2758.28,5695.34,4625.01
10/03/2023,2733.20,5867.61,4580.01
13/03/2023,2855.58,6199.93,4861.04
14/03/2023,2814.14,6181.53,4803.65
15/03/2023,2898.39,6224.91,5029.62
16/03/2023,2921.06,6194.93,5173.26
17/03/2023,2938.36,6225.91,5275.40
21/03/2023,2961.85,6171.65,5086.48
22/03/2023,2947.40,6150.97,5101.65
23/03/2023,2964.46,6150.97,5192.32
24/03/2023,2951.36,6198.24,5161.08
27/03/2023,2912.53,6198.24,5062.59
28/03/2023,2866.46,6132.34,4998.20
29/03/2023,2907.15,6132.34,5081.84
30/03/2023,2937.80,6142.48,5138.33
31/03/2023,2961.40,6162.51,5190.42
03/04/2023,2996.37,6326.24,5183.00
04/04/2023,2990.89,6326.24,5140.53
05/04/2023,2989.08,6630.63,5205.45
10/04/2023,2937.61,6630.63,5238.78
11/04/2023,2919.43,6663.54,5130.26
12/04/2023,2895.99,6663.54,5122.62
13/04/2023,2979.16,6748.48,5206.77
14/04/2023,2980.33,6748.48,5170.48
17/04/2023,2977.31,6753.24,5196.22
18/04/2023,3000.41,6672.54,5192.67
19/04/2023,3016.26,6660.55,5199.47
20/04/2023,2996.87,6715.97,5142.07
21/04/2023,2967.35,6871.50,5136.50
24/04/2023,2973.43,6857.36,5057.46
25/04/2023,2967.82,6963.30,4991.75
26/04/2023,2963.16,6749.48,5362.15
27/04/2023,3036.38,6994.28,5497.69
28/04/2023,3040.49,7211.10,5499.98
02/05/2023,3034.31,7371.42,5485.67
03/05/2023,2998.28,7694.71,5446.21
04/05/2023,2970.23,7623.76,5482.38
05/05/2023,3084.14,7638.75,5525.27
08/05/2023,3084.93,7743.67,5487.39
09/05/2023,3050.67,7693.71,5445.35
10/05/2023,3047.80,7692.88,5481.72
11/05/2023,3051.80,7647.08,5449.15
12/05/2023,3034.88,7648.21,5423.77
15/05/2023,2995.43,7648.21,5386.33
16/05/2023,3012.56,7648.21,5457.71
17/05/2023,3029.98,7669.86,5505.19
18/05/2023,3093.86,7762.83,5629.95
19/05/2023,3108.41,7838.83,5646.80
22/05/2023,3116.33,7789.83,5741.90
23/05/2023,3081.74,7604.90,5679.99
24/05/2023,3064.18,7594.91,5590.40
25/05/2023,3092.58,7594.91,5825.65
26/05/2023,3090.60,7524.96,5865.51
29/05/2023,3091.60,7524.96,5801.52
30/05/2023,3124.24,7563.47,5843.97
31/05/2023,3160.31,7504.97,5846.61
01/06/2023,3158.23,7636.88,5841.64
02/06/2023,3173.66,7636.88,5858.64
05/06/2023,3128.63,7782.17,5875.63
06/06/2023,3116.58,7782.17,5804.32
07/06/2023,3083.92,7782.17,5609.42
08/06/2023,3139.08,7782.17,5651.09
09/06/2023,3129.38,7702.24,5650.46
12/06/2023,3167.89,7702.24,5715.73
13/06/2023,3149.64,7649.87,5729.71
14/06/2023,3145.68,7649.87,5749.02
15/06/2023,3180.08,7649.87,5963.05
16/06/2023,3156.73,7688.85,5843.07
19/06/2023,3160.48,7688.85,5840.64
20/06/2023,3184.00,7768.11,5821.98
21/06/2023,3146.86,7768.11,5706.05
22/06/2023,3198.71,7768.11,5822.83
23/06/2023,3206.01,7768.11,5760.70
26/06/2023,3178.13,7768.11,5640.44
27/06/2023,3195.20,7768.11,5717.73
28/06/2023,3225.09,7768.11,5701.91
29/06/2023,3236.21,7921.69,5723.02
30/06/2023,3319.34,7991.64,5827.96
03/07/2023,3298.56,7838.72,5745.21
04/07/2023,3308.42,7838.72,5745.21
05/07/2023,3255.23,7838.72,5755.70
06/07/2023,3301.53,7838.72,5868.11
07/07/2023,3273.52,7734.20,5776.08
10/07/2023,3212.39,7734.20,5647.18
11/07/2023,3202.28,7569.93,5654.57
12/07/2023,3203.25,7461.00,5692.84
13/07/2023,3208.98,7461.00,5777.68
14/07/2023,3180.62,7570.46,5760.30
17/07/2023,3244.38,7521.96,5783.13
18/07/2023,3251.52,7523.61,6039.54
19/07/2023,3265.79,7592.81,5945.33
20/07/2023,3264.28,7771.79,5866.02
21/07/2023,3261.22,7771.79,5808.60
24/07/2023,3241.84,7723.82,5800.31
25/07/2023,3273.04,7744.81,5931.08
26/07/2023,3268.90,7744.81,5679.27
27/07/2023,3249.97,7744.81,5568.43
28/07/2023,3260.56,7630.31,5652.83
31/07/2023,3283.42,7630.31,5599.56
01/08/2023,3302.36,7630.31,5676.30
02/08/2023,3279.54,7710.83,5587.85
03/08/2023,3299.64,7710.83,5640.78
04/08/2023,3114.89,7644.88,5584.28
07/08/2023,3048.79,7726.32,5619.34
08/08/2023,3076.42,8898.04,5554.85
09/08/2023,3044.99,9031.95,5492.42
10/08/2023,3027.73,9031.95,5487.90
11/08/2023,3025.33,9031.95,5470.91
14/08/2023,3053.69,9033.08,5502.25
15/08/2023,3031.96,9314.92,5485.01
16/08/2023,3028.42,9374.23,5489.11
17/08/2023,2978.81,9249.46,5420.74
18/08/2023,2971.81,9271.95,5414.19
21/08/2023,2992.44,9271.95,5483.66
22/08/2023,2996.97,9271.95,5449.23
23/08/2023,3042.40,9273.79,5500.67
24/08/2023,2963.46,9209.98,5373.67
25/08/2023,2997.96,9209.98,5408.16
28/08/2023,3018.80,9209.98,5413.63
29/08/2023,3097.74,9214.99,5497.28
30/08/2023,3143.43,9214.99,5490.16
31/08/2023,3209.45,9351.66,5589.15
01/09/2023,3234.70,9502.00,5608.54
04/09/2023,3228.71,9502.00,5608.91
05/09/2023,3302.52,9678.03,5812.27
06/09/2023,3199.20,9794.66,5829.77
07/09/2023,3124.69,10269.09,5805.38
08/09/2023,3134.83,9994.55,5874.67
11/09/2023,3109.35,10320.55,5851.59
12/09/2023,3033.05,10284.39,5731.43
13/09/2023,2994.38,10192.11,5746.42
14/09/2023,3005.70,10147.52,5796.39
15/09/2023,2981.21,10147.52,5638.49
18/09/2023,3047.70,9856.34,5609.42
19/09/2023,3056.53,9784.47,5606.77
20/09/2023,3003.76,9784.47,5495.72
21/09/2023,2998.80,9438.85,5546.53
22/09/2023,3002.78,9424.36,5414.17
25/09/2023,3055.72,9503.16,5519.89
26/09/2023,3016.73,9593.47,5477.94
27/09/2023,3007.64,9593.47,5517.12
28/09/2023,2993.21,9593.47,5508.57
29/09/2023,2989.08,9544.79,5506.57
02/10/2023,3057.75,9544.79,5666.18
03/10/2023,3093.44,9268.95,5605.83
04/10/2023,3130.59,9494.82,5741.67
05/10/2023,3190.78,9884.61,5816.72
06/10/2023,3227.85,10147.47,5961.20
09/10/2023,3250.67,10509.27,5995.31
10/10/2023,3195.62,10421.30,5894.95
11/10/2023,3198.50,10834.73,5931.30
12/10/2023,3250.66,10901.06,5943.16
13/10/2023,3228.91,11043.98,5921.81
16/10/2023,3196.44,11028.86,5957.74
17/10/2023,3178.77,10858.95,5975.61
18/10/2023,3196.85,11068.97,6014.32
19/10/2023,3211.38,10776.13,6066.03
20/10/2023,3155.79,10665.19,5959.53
23/10/2023,3141.12,10624.21,5987.35
24/10/2023,3160.86,10578.65,6039.57
25/10/2023,3135.92,10919.56,6234.29
26/10/2023,3029.13,10473.49,5963.81
27/10/2023,3038.34,10100.20,5963.91
30/10/2023,3072.14,10100.20,6091.61
31/10/2023,3071.03,9908.60,6083.94
01/11/2023,3101.12,9994.55,6153.38
03/11/2023,3073.69,9962.23,6158.14
06/11/2023,3136.75,10399.30,6229.20
07/11/2023,3174.58,10682.17,6321.38
08/11/2023,3206.37,10893.29,6328.27
09/11/2023,3248.77,10400.96,6425.99
10/11/2023,3286.28,10453.43,6501.75
13/11/2023,3249.37,11050.37,6460.10
14/11/2023,3257.24,10594.20,6406.02
15/11/2023,3254.50,10285.45,6398.76
16/11/2023,3270.93,10143.94,6476.50
17/11/2023,3268.23,10143.94,6384.32
21/11/2023,3274.03,10143.94,6406.27
22/11/2023,3278.97,10112.52,6441.28
23/11/2023,3263.94,10112.52,6468.25
24/11/2023,3243.46,10289.44,6448.74
27/11/2023,3251.55,10289.44,6500.30
28/11/2023,3254.65,10144.01,6541.64
29/11/2023,3264.06,10203.59,6521.97
30/11/2023,3287.96,10274.45,6548.23
01/12/2023,3287.52,10074.95,6437.01
04/12/2023,3305.78,9945.60,6437.41
05/12/2023,3355.58,10234.47,6461.17
06/12/2023,3321.35,10222.47,6380.07
07/12/2023,3388.57,10222.47,6455.74
08/12/2023,3393.39,10362.05,6479.31
11/12/2023,3359.63,10010.57,6436.74
13/12/2023,3409.70,10262.82,6418.55
14/12/2023,3400.05,9831.65,6273.08
15/12/2023,3404.44,9840.64,6383.22
18/12/2023,3369.15,9895.62,6392.66
19/12/2023,3357.83,9915.61,6365.26
20/12/2023,3346.55,9915.60,6370.75
21/12/2023,3316.09,9915.60,6361.19
22/12/2023,3289.99,9675.72,6356.37
26/12/2023,3276.76,9630.74,6358.05
27/12/2023,3264.34,9820.88,6311.91
28/12/2023,3285.35,9861.63,6380.73
29/12/2023,3263.95,9879.65,6386.76
02/01/2024,3145.90,10195.48,6311.40
03/01/2024,3137.27,10545.33,6281.40
04/01/2024,3096.67,10449.37,6253.73
05/01/2024,3053.04,10402.59,6196.90
08/01/2024,3118.45,10599.79,6288.29
09/01/2024,3136.93,10745.22,6364.57
10/01/2024,3152.70,10715.24,6488.45
11/01/2024,3136.85,10715.24,6499.17
12/01/2024,3135.66,10715.24,6521.70
15/01/2024,3128.98,10715.24,6566.18
16/01/2024,3157.91,10945.15,6692.49
17/01/2024,3148.82,10830.20,6696.61
18/01/2024,3243.35,10830.20,6748.58
19/01/2024,3276.54,10830.20,6798.81
22/01/2024,3326.26,10842.20,6821.47
23/01/2024,3369.76,10683.28,6904.63
24/01/2024,3349.00,10940.16,6936.62
25/01/2024,3337.86,10797.22,6944.61
26/01/2024,3293.37,10797.22,6924.14
29/01/2024,3299.41,11080.09,7045.09
30/01/2024,3225.16,11037.11,7011.72
31/01/2024,3185.20,11049.85,6848.98
01/02/2024,3190.11,11036.11,6892.23
02/02/2024,3194.24,11504.91,7038.95
06/02/2024,3219.90,11993.69,6916.49
07/02/2024,3227.41,12394.51,7044.42
08/02/2024,3228.76,12596.17,7095.10
09/02/2024,3224.01,12744.35,7178.60
12/02/2024,3194.20,12496.20,7094.31
13/02/2024,3180.11,12731.46,6983.84
14/02/2024,3142.21,12866.54,6972.46
15/02/2024,3130.61,12925.60,6927.01
16/02/2024,3100.09,13365.45,6887.71
19/02/2024,3122.72,13785.30,6887.71
20/02/2024,3094.36,12881.36,6847.00
21/02/2024,3102.57,12595.25,6821.58
22/02/2024,3155.13,13217.32,7037.19
23/02/2024,3123.32,13118.09,7008.29
26/02/2024,3099.22,13260.48,6961.67
27/02/2024,3116.98,13068.55,6953.57
28/02/2024,3095.14,13068.55,6952.65
29/02/2024,3077.95,12801.20,7012.06
01/03/2024,3058.12,13195.50,7064.19
04/03/2024,2969.95,13733.81,7025.87
05/03/2024,2882.93,13164.93,6809.91
06/03/2024,2857.39,13166.11,6791.20
07/03/2024,2856.76,13319.46,6901.12
08/03/2024,2878.85,12822.68,6832.28
11/03/2024,2905.70,12295.81,6798.60
12/03/2024,2914.00,12589.42,6977.21
13/03/2024,2860.11,12625.70,6922.59
14/03/2024,2889.40,12625.70,7083.12
15/03/2024,2870.49,12625.70,6955.99
19/03/2024,2965.95,12889.61,7064.18
20/03/2024,2974.96,12889.61,7099.50
21/03/2024,2865.36,12926.60,7197.12
22/03/2024,2887.12,12850.63,7197.12
25/03/2024,2862.59,12957.54,7065.42
26/03/2024,2833.33,12914.50,7047.10
27/03/2024,2873.71,12914.50,6987.20
01/04/2024,2826.50,12693.67,7060.40
02/04/2024,2799.08,12660.69,6986.87
03/04/2024,2809.30,12860.62,6959.77
04/04/2024,2806.33,12794.64,6955.53
05/04/2024,2793.13,12794.64,6996.21
08/04/2024,2757.33,12794.64,6936.01
09/04/2024,2781.94,12412.77,6969.22
10/04/2024,2765.62,12309.07,6950.19
11/04/2024,2879.00,12309.07,7035.69
12/04/2024,2937.26,12658.07,7026.19
15/04/2024,2888.54,12658.07,6907.85
16/04/2024,2893.04,12737.66,7081.62
17/04/2024,2859.74,12745.09,6999.81
18/04/2024,2850.59,12670.58,6897.26
19/04/2024,2825.60,12420.77,6840.15
22/04/2024,2845.37,12309.07,6863.01
23/04/2024,2829.46,12309.07,6947.18
24/04/2024,2881.71,12511.68,6982.75
25/04/2024,2924.72,12475.75,6873.62
26/04/2024,2913.11,12595.72,7011.14
29/04/2024,2948.71,12465.25,6831.03
30/04/2024,2927.30,13334.46,6709.42
02/05/2024,2939.68,12866.62,6757.96
03/05/2024,3114.50,12521.50,6895.59
06/05/2024,3068.83,12866.62,6964.84
07/05/2024,3080.44,13095.54,6927.24
08/05/2024,3088.97,13355.84,6913.17
09/05/2024,3102.63,13029.56,6923.24
10/05/2024,3070.81,12813.18,6957.23
13/05/2024,3141.47,12695.09,6942.96
14/05/2024,3161.11,12800.64,7019.88
15/05/2024,3166.87,13016.89,7049.71
16/05/2024,3164.49,12913.91,7016.95
17/05/2024,3153.76,12805.86,6972.45
20/05/2024,3156.16,12926.21,7028.93
21/05/2024,3202.46,13371.80,7113.93
22/05/2024,3176.24,13331.81,7164.02
23/05/2024,3129.47,13331.81,7132.34
24/05/2024,3169.88,13574.30,7175.13
27/05/2024,3149.46,13574.30,7182.90
28/05/2024,3187.81,13574.30,7207.57
29/05/2024,3232.90,13716.72,7260.39
30/05/2024,3249.15,13813.00,7052.71
31/05/2024,3245.20,13852.70,6911.24
03/06/2024,3427.20,14730.29,7301.02
04/06/2024,3479.68,15166.76,7419.50
05/06/2024,3433.68,14624.00,7434.54
06/06/2024,3490.41,15050.35,7572.79
07/06/2024,3613.71,15706.24,7806.07
10/06/2024,3519.82,15763.01,7803.84
11/06/2024,3807.18,16018.17,7994.48
12/06/2024,4013.62,16293.30,8290.92
13/06/2024,3959.63,16195.13,8158.47
14/06/2024,3913.58,16386.08,8153.90
17/06/2024,4024.92,16468.06,8307.58
18/06/2024,3957.92,16346.01,8219.89
19/06/2024,3974.33,16346.01,8174.78
20/06/2024,3844.73,16171.13,8165.79
21/06/2024,3796.81,16067.17,8154.89
24/06/2024,3744.79,16047.72,8049.91
25/06/2024,3797.17,16385.60,8162.03
26/06/2024,3908.79,16376.08,8276.37
27/06/2024,3929.94,16622.00,8325.08
28/06/2024,3888.68,16687.11,8273.46
01/07/2024,3967.78,16750.99,8371.23
02/07/2024,4013.26,16560.44,8372.00
03/07/2024,4008.89,16558.53,8317.77
04/07/2024,4018.32,16558.53,8375.71
05/07/2024,4082.58,16551.40,8451.91
08/07/2024,4087.88,16670.66,8368.88
09/07/2024,4089.09,16714.00,8218.14
10/07/2024,4142.00,16777.99,8271.46
11/07/2024,4059.73,16892.55,8097.70
12/07/2024,4067.18,16770.99,7981.92
15/07/2024,4150.78,16931.01,8032.43
16/07/2024,4140.21,16779.99,7936.07
17/07/2024,4063.61,16263.11,7857.41
18/07/2024,4030.53,15185.80,7875.70
19/07/2024,4060.56,15539.14,7910.49
22/07/2024,4019.14,15601.27,7932.74
23/07/2024,4082.77,16092.54,8072.87
24/07/2024,4004.46,15781.02,7876.60
25/07/2024,4023.20,14996.41,7762.57
26/07/2024,4013.56,14841.40,7823.06
29/07/2024,4076.44,15046.40,7990.13
30/07/2024,4114.86,14896.44,7941.52
31/07/2024,4135.30,14890.05,7782.90
01/08/2024,4102.49,15566.28,7797.96
02/08/2024,4227.53,15296.34,7803.11
05/08/2024,4034.27,14919.33,7654.56
06/08/2024,4043.26,15603.56,7821.71
07/08/2024,4064.96,14786.46,7687.77
08/08/2024,4048.37,16216.82,7654.00
09/08/2024,4074.20,16805.98,7662.68
12/08/2024,4135.55,16922.96,7744.51
13/08/2024,4191.34,17295.85,7853.72
14/08/2024,4164.42,17500.81,7841.87
15/08/2024,4186.55,17467.12,7841.81
16/08/2024,4210.51,17238.72,7799.95
19/08/2024,4207.04,17176.92,7862.85
20/08/2024,4300.68,18396.96,8068.42
21/08/2024,4355.47,18375.08,8171.86
22/08/2024,4366.71,18601.93,8073.16
23/08/2024,4326.91,18149.90,7931.43
26/08/2024,4390.52,18207.02,7974.56
27/08/2024,4491.17,18756.91,8152.85
28/08/2024,4448.97,18596.93,8066.11
29/08/2024,4563.95,18680.65,8195.20
30/08/2024,4505.75,18599.71,8169.59
02/09/2024,4539.51,18599.71,8216.38
03/09/2024,4399.52,18941.88,8116.11
04/09/2024,4405.70,18807.70,8160.48
05/09/2024,4426.55,18807.70,8110.64
06/09/2024,4420.97,18077.02,8056.46
09/09/2024,4379.99,17997.03,8042.59
10/09/2024,4433.83,18183.34,8288.20
11/09/2024,4399.52,18183.34,8346.32
12/09/2024,4343.53,18214.24,8300.68
13/09/2024,4286.22,17984.04,8293.26
17/09/2024,4135.55,17647.09,8318.76
18/09/2024,4260.02,17432.13,8329.96
19/09/2024,4412.19,17737.71,8449.30
20/09/2024,4509.59,17915.36,8488.10
23/09/2024,4394.05,17851.80,8425.98
24/09/2024,4394.02,17841.17,8301.10
25/09/2024,4427.53,18177.00,8478.08
26/09/2024,4457.39,17803.09,8450.71
27/09/2024,4487.51,17333.07,8428.05
30/09/2024,4568.72,17322.14,8448.34
02/10/2024,4404.35,17286.15,8128.14
03/10/2024,4359.82,17066.24,8043.42
04/10/2024,4364.71,17097.18,8029.06
07/10/2024,4284.75,17351.28,7913.65
08/10/2024,4362.79,17351.28,8025.61
09/10/2024,4465.71,17881.34,8130.46
10/10/2024,4465.81,17678.81,8109.74
11/10/2024,4404.63,17952.04,8027.74
14/10/2024,4486.99,17980.04,8131.41
15/10/2024,4606.34,17980.04,8228.76
16/10/2024,4619.49,18285.33,8280.04
17/10/2024,4609.15,18318.01,8279.37
18/10/2024,4674.49,18244.99,8318.36
21/10/2024,4713.43,18538.92,8349.24
22/10/2024,4695.79,18058.96,8549.51
23/10/2024,4563.83,18058.96,8404.59
24/10/2024,4569.50,17647.09,8405.75
25/10/2024,4630.35,17902.05,8548.32
28/10/2024,4673.41,17997.02,8543.06
29/10/2024,4702.98,18179.01,8677.95
30/10/2024,4641.54,17001.76,8770.70
31/10/2024,4534.99,16718.74,8171.62
01/11/2024,4516.65,16689.87,8317.78
04/11/2024,4466.40,16242.32,8206.25
05/11/2024,4479.01,16197.33,8256.28
06/11/2024,4473.63,15474.70,8432.75
07/11/2024,4514.28,15837.39,8445.61
08/11/2024,4579.76,16997.15,8523.33
11/11/2024,4551.60,17057.20,8498.48
12/11/2024,4619.48,16897.21,8721.00
13/11/2024,4611.35,16897.21,8723.29
14/11/2024,4660.98,16065.35,8711.59
15/11/2024,4587.75,15223.52,8455.34
19/11/2024,4590.75,14598.77,8389.39
20/11/2024,4628.75,15317.71,8436.88
21/11/2024,4663.08,15375.91,8438.80
22/11/2024,4705.49,15311.71,8495.65
25/11/2024,4689.14,15219.97,8482.04
26/11/2024,4855.40,16325.63,8872.60
27/11/2024,4834.63,16247.37,8709.83
28/11/2024,4767.75,16247.37,8829.14
29/11/2024,4849.74,16179.14,8599.16
02/12/2024,4885.74,16348.64,8787.78
03/12/2024,4930.15,16445.69,8761.11
04/12/2024,4935.30,16908.58,8886.99
05/12/2024,4901.76,16707.60,8954.90
06/12/2024,4897.93,16838.59,8968.13
09/12/2024,4997.29,16265.13,8999.12
10/12/2024,4991.37,16171.23,8929.13
11/12/2024,4958.98,16008.66,9029.12
13/12/2024,4994.89,15946.66,9006.18
16/12/2024,5046.12,15648.69,9079.91
17/12/2024,5106.37,15843.67,9168.44
18/12/2024,5070.12,15668.68,8955.55
19/12/2024,5069.88,15426.58,8904.58
20/12/2024,5083.48,15420.71,8749.67
23/12/2024,5149.17,16055.70,8795.64
24/12/2024,5185.47,16061.65,8853.04
26/12/2024,5239.72,16095.19,8881.63
27/12/2024,5178.56,15845.94,8712.15
30/12/2024,5208.37,16004.79,8775.14
31/12/2024,5228.95,16004.79,8779.14
02/01/2025,5015.95,16005.75,8614.16
03/01/2025,5016.70,16223.64,8719.15
06/01/2025,4975.74,15560.64,8687.50
07/01/2025,4910.87,15682.68,8569.52
08/01/2025,4938.43,16059.85,8658.15
09/01/2025,4984.73,15708.68,8694.15
10/01/2025,4902.97,16463.07,8694.25
13/01/2025,4858.66,16518.21,8641.09
14/01/2025,4783.88,15204.07,8502.72
15/01/2025,4865.41,15405.71,8731.50
16/01/2025,4766.99,15858.67,8869.52
17/01/2025,4768.74,15176.58,8942.76
20/01/2025,4839.74,15176.58,8942.76
21/01/2025,4579.59,15333.54,8841.43
22/01/2025,4577.26,15458.70,9137.12
23/01/2025,4535.82,15553.69,9073.06
24/01/2025,4514.23,15888.67,8974.94
27/01/2025,4749.38,16598.61,8973.12
28/01/2025,4896.07,16586.61,9185.08
29/01/2025,4909.00,16578.61,9084.82
30/01/2025,4912.38,17002.42,8569.53
31/01/2025,4863.38,17002.57,8613.97
04/02/2025,4769.96,16938.58,8445.27
05/02/2025,4768.10,17338.59,8489.30
06/02/2025,4756.81,17836.50,8497.21
07/02/2025,4678.18,18118.48,8423.13
10/02/2025,4680.79,17908.50,8488.47
11/02/2025,4780.37,17827.50,8449.52
12/02/2025,4860.61,17992.49,8383.72
13/02/2025,4926.61,17865.00,8373.89
14/02/2025,4961.22,17181.00,8275.58
17/02/2025,4908.16,17173.00,8349.18
18/02/2025,4931.37,17379.25,8262.44
19/02/2025,5006.62,17657.00,8473.59
20/02/2025,4983.53,17761.60,8445.00
21/02/2025,5018.53,17919.00,8352.19
24/02/2025,5060.00,18061.01,8280.00
25/02/2025,5058.50,18500.00,8135.69
26/02/2025,4905.57,18580.00,8146.51
27/02/2025,4882.05,18575.00,8049.77
28/02/2025,4915.73,18656.00,8069.49
03/03/2025,4904.66,19195.00,8016.18
04/03/2025,4952.58,19021.72,8020.96
